Store Id,Grocery,Grocery Trunk,Fresh,Fresh Trunk,Frozen,Frozen Trunk
2005,#N/A,#N/A,30102,30102,#N/A,#N/A
2008,#N/A,#N/A,30053,30053,37197,30053
2013,#N/A,#N/A,30053,30053,#N/A,#N/A
2017,#N/A,#N/A,30053,30053,37197,30053
2020,#N/A,#N/A,30053,30053,37197,30053
2025,#N/A,#N/A,30103,30103,37197,30103
2030,#N/A,#N/A,30103,30103,37197,30103
2032,#N/A,#N/A,30103,30103,37197,30103
2038,#N/A,#N/A,30053,30053,#N/A,#N/A
2041,#N/A,#N/A,30053,30053,#N/A,#N/A
2043,#N/A,#N/A,30053,30053,#N/A,#N/A
2044,#N/A,#N/A,30102,30102,#N/A,#N/A
2047,#N/A,#N/A,30053,30053,37197,30053
2048,#N/A,#N/A,34515,34515,37197,34515
2064,#N/A,#N/A,30053,30053,37197,30053
2080,#N/A,#N/A,30103,30103,37197,30103
2089,#N/A,#N/A,30053,30053,37197,30053
2102,#N/A,#N/A,30103,30103,37197,30103
2111,#N/A,#N/A,30103,30103,37197,30103
2115,#N/A,#N/A,30053,30053,37197,30053
2117,#N/A,#N/A,30103,30103,37197,30103
2120,#N/A,#N/A,30103,30103,37197,30103
2124,#N/A,#N/A,30053,30053,37197,30053
2132,#N/A,#N/A,30053,30053,37197,30053
2156,#N/A,#N/A,30103,30103,37197,30103
2160,#N/A,#N/A,30053,30053,37197,30053
2162,#N/A,#N/A,30053,30053,37197,30053
2163,#N/A,#N/A,30052,30052,37197,30052
2164,#N/A,#N/A,30103,30103,37197,30103
2170,#N/A,#N/A,30102,30102,#N/A,#N/A
2175,#N/A,#N/A,30103,30103,37197,30103
2185,#N/A,#N/A,30102,30102,#N/A,#N/A
2193,#N/A,#N/A,30103,30103,37197,30103
2194,#N/A,#N/A,30103,30103,37197,30103
2198,#N/A,#N/A,30103,30103,37197,30103
2214,#N/A,#N/A,30102,30102,#N/A,#N/A
2219,#N/A,#N/A,30102,30102,#N/A,#N/A
2223,#N/A,#N/A,30103,30103,37197,30103
2234,#N/A,#N/A,30103,30103,37197,30103
2247,#N/A,#N/A,30053,30053,#N/A,#N/A
2255,#N/A,#N/A,34515,34515,37197,34515
2257,#N/A,#N/A,30102,30102,#N/A,#N/A
2266,#N/A,#N/A,30103,30103,37197,30103
2267,#N/A,#N/A,30053,30053,#N/A,#N/A
2279,#N/A,#N/A,30053,30053,37197,30053
2282,#N/A,#N/A,30103,30103,37197,30103
2302,#N/A,#N/A,30102,30102,#N/A,#N/A
2305,#N/A,#N/A,30053,30053,#N/A,#N/A
2313,#N/A,#N/A,30052,30052,37197,30052
2318,#N/A,#N/A,30052,30052,37197,30052
2319,#N/A,#N/A,30053,30053,#N/A,#N/A
2321,#N/A,#N/A,30053,30053,37197,30053
2322,#N/A,#N/A,30103,30103,37197,30103
2323,#N/A,#N/A,30102,30102,#N/A,#N/A
2325,#N/A,#N/A,30102,30102,#N/A,#N/A
2328,#N/A,#N/A,30102,30102,#N/A,#N/A
2334,#N/A,#N/A,30103,30103,37197,30103
2335,#N/A,#N/A,30102,30102,#N/A,#N/A
2338,#N/A,#N/A,34515,34515,37197,34515
2339,#N/A,#N/A,30103,30103,37197,30103
2341,#N/A,#N/A,30053,30053,#N/A,#N/A
2344,#N/A,#N/A,30102,30102,#N/A,#N/A
2347,#N/A,#N/A,30103,30103,37197,30103
2355,#N/A,#N/A,30102,30102,#N/A,#N/A
2364,#N/A,#N/A,30052,30052,37197,30052
2366,#N/A,#N/A,30102,30102,#N/A,#N/A
2367,#N/A,#N/A,30102,30102,#N/A,#N/A
2368,#N/A,#N/A,30102,30102,#N/A,#N/A
2369,#N/A,#N/A,30102,30102,#N/A,#N/A
2372,#N/A,#N/A,30102,30102,#N/A,#N/A
2374,#N/A,#N/A,30103,30103,37197,30103
2379,#N/A,#N/A,30052,30052,37197,30052
2380,#N/A,#N/A,30102,30102,#N/A,#N/A
2381,#N/A,#N/A,30102,30102,#N/A,#N/A
2384,#N/A,#N/A,30102,30102,#N/A,#N/A
2385,#N/A,#N/A,30053,30053,#N/A,#N/A
2386,#N/A,#N/A,30102,30102,#N/A,#N/A
2404,#N/A,#N/A,30102,30102,#N/A,#N/A
2413,#N/A,#N/A,30053,30053,37197,30053
2415,34517,30053,30053,30053,#N/A,#N/A
2423,#N/A,#N/A,30103,30103,37197,30103
2425,#N/A,#N/A,30053,30053,#N/A,#N/A
2446,#N/A,#N/A,30102,30102,#N/A,#N/A
2447,#N/A,#N/A,30103,30103,37197,30103
2452,#N/A,#N/A,30103,30103,37197,30103
2454,#N/A,#N/A,30053,30053,37197,30053
2475,#N/A,#N/A,30053,30053,#N/A,#N/A
2484,#N/A,#N/A,30102,30102,#N/A,#N/A
2488,#N/A,#N/A,30053,30053,#N/A,#N/A
2494,#N/A,#N/A,30103,30103,37197,30103
2496,#N/A,#N/A,30103,30103,37197,30103
2499,#N/A,#N/A,30053,30053,#N/A,#N/A
2501,#N/A,#N/A,30102,30102,#N/A,#N/A
2503,#N/A,#N/A,30102,30102,#N/A,#N/A
2504,34512,30102,30102,30102,#N/A,#N/A
2505,#N/A,#N/A,30102,30102,#N/A,#N/A
2509,#N/A,#N/A,30103,30103,37197,30103
2510,34517,30103,30103,30103,37197,30103
2511,#N/A,#N/A,30103,30103,37197,30103
2514,#N/A,#N/A,30103,30103,37197,30103
2515,34512,30102,30102,30102,#N/A,#N/A
2516,#N/A,#N/A,30103,30103,37197,30103
2518,#N/A,#N/A,30053,30053,#N/A,#N/A
2520,#N/A,#N/A,30103,30103,37197,30103
2530,#N/A,#N/A,30103,30103,37197,30103
2532,#N/A,#N/A,30053,30053,37197,30053
2537,34517,30103,30103,30103,37197,30103
2538,#N/A,#N/A,30053,30053,37197,30053
2552,#N/A,#N/A,30103,30103,37197,30103
2563,#N/A,#N/A,30053,30053,#N/A,#N/A
2564,#N/A,#N/A,30053,30053,37197,30053
2586,#N/A,#N/A,30053,30053,37197,30053
2590,#N/A,#N/A,30103,30103,37197,30103
2594,#N/A,#N/A,30102,30102,#N/A,#N/A
2606,#N/A,#N/A,30102,30102,#N/A,#N/A
2608,#N/A,#N/A,30102,30102,#N/A,#N/A
2609,#N/A,#N/A,30103,30103,37197,30103
2611,#N/A,#N/A,30102,30102,#N/A,#N/A
2624,#N/A,#N/A,30102,30102,#N/A,#N/A
2628,#N/A,#N/A,30053,30053,37197,30053
2636,#N/A,#N/A,30103,30103,37197,30103
2637,#N/A,#N/A,30053,30053,#N/A,#N/A
2640,#N/A,#N/A,30053,30053,37197,30053
2641,#N/A,#N/A,30053,30053,#N/A,#N/A
2642,#N/A,#N/A,30053,30053,37197,30053
2644,#N/A,#N/A,30103,30103,37197,30103
2650,#N/A,#N/A,30102,30102,#N/A,#N/A
2653,#N/A,#N/A,30053,30053,37197,30053
2657,#N/A,#N/A,30053,30053,#N/A,#N/A
2663,#N/A,#N/A,30053,30053,37197,30053
2668,#N/A,#N/A,30053,30053,37197,30053
2670,#N/A,#N/A,30103,30103,37197,30103
2675,#N/A,#N/A,30052,30052,37197,30052
2679,#N/A,#N/A,34515,34515,37197,34515
2683,#N/A,#N/A,30052,30052,37197,30052
2688,#N/A,#N/A,30052,30052,37197,30052
2695,#N/A,#N/A,30103,30103,37197,30103
2696,#N/A,#N/A,30103,30103,37197,30103
2700,#N/A,#N/A,30052,30052,37197,30052
2704,34517,30103,30103,30103,37197,30103
2708,#N/A,#N/A,30053,30053,37197,30053
2713,#N/A,#N/A,30053,30053,#N/A,#N/A
2724,#N/A,#N/A,30103,30103,37197,30103
2733,#N/A,#N/A,30102,30102,#N/A,#N/A
2763,#N/A,#N/A,30103,30103,37197,30103
2768,#N/A,#N/A,30053,30053,#N/A,#N/A
2770,#N/A,#N/A,30102,30102,#N/A,#N/A
2772,#N/A,#N/A,30102,30102,#N/A,#N/A
2773,#N/A,#N/A,30102,30102,#N/A,#N/A
2780,#N/A,#N/A,30102,30102,#N/A,#N/A
2782,#N/A,#N/A,30103,30103,37197,30103
2785,#N/A,#N/A,30102,30102,#N/A,#N/A
2788,#N/A,#N/A,30053,30053,37197,30053
2793,#N/A,#N/A,30102,30102,#N/A,#N/A
2802,#N/A,#N/A,34515,34515,37197,34515
2811,#N/A,#N/A,30103,30103,37197,30103
2812,#N/A,#N/A,30052,30052,37197,30052
2813,#N/A,#N/A,30102,30102,#N/A,#N/A
2817,#N/A,#N/A,30053,30053,#N/A,#N/A
2819,#N/A,#N/A,30102,30102,#N/A,#N/A
2820,#N/A,#N/A,30102,30102,#N/A,#N/A
2822,#N/A,#N/A,30052,30052,37197,30052
2825,#N/A,#N/A,30053,30053,37197,30053
2833,#N/A,#N/A,30103,30103,37197,30103
2843,#N/A,#N/A,30053,30053,37197,30053
2844,#N/A,#N/A,30102,30102,#N/A,#N/A
2845,#N/A,#N/A,30103,30103,37197,30103
2846,#N/A,#N/A,30102,30102,#N/A,#N/A
2847,#N/A,#N/A,30053,30053,#N/A,#N/A
2849,#N/A,#N/A,30102,30102,#N/A,#N/A
2850,#N/A,#N/A,30102,30102,#N/A,#N/A
2853,#N/A,#N/A,30053,30053,#N/A,#N/A
2869,#N/A,#N/A,30053,30053,37197,30053
2878,#N/A,#N/A,30102,30102,#N/A,#N/A
2880,#N/A,#N/A,34515,34515,37197,34515
2900,#N/A,#N/A,30102,30102,#N/A,#N/A
2919,#N/A,#N/A,30053,30053,37197,30053
2924,#N/A,#N/A,30103,30103,37197,30103
2927,#N/A,#N/A,30053,30053,37197,30053
2933,#N/A,#N/A,30102,30102,#N/A,#N/A
2949,#N/A,#N/A,30102,30102,#N/A,#N/A
2950,#N/A,#N/A,30102,30102,#N/A,#N/A
2959,#N/A,#N/A,30102,30102,#N/A,#N/A
2960,#N/A,#N/A,30102,30102,#N/A,#N/A
2964,#N/A,#N/A,30102,30102,#N/A,#N/A
2966,#N/A,#N/A,34515,34515,37197,34515
2972,#N/A,#N/A,30053,30053,#N/A,#N/A
2974,#N/A,#N/A,30102,30102,#N/A,#N/A
2975,#N/A,#N/A,30103,30103,37197,30103
2990,#N/A,#N/A,30053,30053,37197,30053
2994,#N/A,#N/A,30053,30053,37197,30053
2996,#N/A,#N/A,30102,30102,#N/A,#N/A
2997,#N/A,#N/A,30102,30102,#N/A,#N/A
3015,#N/A,#N/A,30103,30103,37197,30103
3020,#N/A,#N/A,30053,30053,37197,30053
3025,#N/A,#N/A,30103,30103,37197,30103
3030,#N/A,#N/A,30053,30053,37197,30053
3036,#N/A,#N/A,30103,30103,37197,30103
3040,#N/A,#N/A,30103,30103,37197,30103
3045,#N/A,#N/A,30053,30053,37197,30053
3047,#N/A,#N/A,30103,30103,37197,30103
3048,#N/A,#N/A,30103,30103,37197,30103
3052,#N/A,#N/A,30052,30052,37197,30052
3054,#N/A,#N/A,30103,30103,37197,30103
3055,#N/A,#N/A,30103,30103,37197,30103
3058,#N/A,#N/A,30103,30103,37197,30103
3062,#N/A,#N/A,30053,30053,#N/A,#N/A
3073,#N/A,#N/A,30102,30102,#N/A,#N/A
3075,#N/A,#N/A,30103,30103,37197,30103
3076,#N/A,#N/A,30102,30102,#N/A,#N/A
3080,#N/A,#N/A,30053,30053,#N/A,#N/A
3083,#N/A,#N/A,30053,30053,#N/A,#N/A
3084,#N/A,#N/A,30102,30102,#N/A,#N/A
3095,#N/A,#N/A,30053,30053,37197,30053
3097,#N/A,#N/A,30053,30053,37197,30053
3099,#N/A,#N/A,30053,30053,37197,30053
3102,#N/A,#N/A,30053,30053,#N/A,#N/A
3115,#N/A,#N/A,30102,30102,#N/A,#N/A
3123,#N/A,#N/A,30103,30103,37197,30103
3124,#N/A,#N/A,30103,30103,37197,30103
3125,#N/A,#N/A,30102,30102,#N/A,#N/A
3126,#N/A,#N/A,30102,30102,#N/A,#N/A
3127,#N/A,#N/A,30103,30103,37197,30103
3132,#N/A,#N/A,30102,30102,#N/A,#N/A
3133,#N/A,#N/A,30103,30103,37197,30103
3134,#N/A,#N/A,30053,30053,#N/A,#N/A
3143,#N/A,#N/A,30053,30053,#N/A,#N/A
3149,#N/A,#N/A,30103,30103,37197,30103
3151,#N/A,#N/A,30103,30103,37197,30103
3153,#N/A,#N/A,30053,30053,#N/A,#N/A
3165,#N/A,#N/A,30102,30102,#N/A,#N/A
3178,#N/A,#N/A,30103,30103,37197,30103
3186,#N/A,#N/A,30103,30103,37197,30103
3188,#N/A,#N/A,30102,30102,#N/A,#N/A
3190,#N/A,#N/A,30103,30103,37197,30103
3195,#N/A,#N/A,30053,30053,37197,30053
3199,#N/A,#N/A,30103,30103,37197,30103
3211,#N/A,#N/A,30053,30053,#N/A,#N/A
3212,#N/A,#N/A,30102,30102,#N/A,#N/A
3217,#N/A,#N/A,30053,30053,37197,30053
3220,#N/A,#N/A,30053,30053,37197,30053
3230,#N/A,#N/A,30053,30053,37197,30053
3239,#N/A,#N/A,30102,30102,#N/A,#N/A
3242,#N/A,#N/A,30053,30053,#N/A,#N/A
3244,#N/A,#N/A,30102,30102,#N/A,#N/A
3247,34512,30102,30102,30102,#N/A,#N/A
3248,#N/A,#N/A,30103,30103,37197,30103
3258,#N/A,#N/A,30102,30102,#N/A,#N/A
3262,#N/A,#N/A,30102,30102,#N/A,#N/A
3263,#N/A,#N/A,30102,30102,#N/A,#N/A
3265,34512,30102,30102,30102,#N/A,#N/A
3268,#N/A,#N/A,30103,30103,37197,30103
3269,#N/A,#N/A,30102,30102,#N/A,#N/A
3278,#N/A,#N/A,30103,30103,37197,30103
3284,#N/A,#N/A,30053,30053,37197,30053
3290,#N/A,#N/A,30102,30102,#N/A,#N/A
3293,#N/A,#N/A,30102,30102,#N/A,#N/A
3297,#N/A,#N/A,30102,30102,#N/A,#N/A
3309,#N/A,#N/A,30053,30053,37197,30053
3311,#N/A,#N/A,30103,30103,37197,30103
3312,#N/A,#N/A,30053,30053,#N/A,#N/A
3316,#N/A,#N/A,34515,34515,37197,34515
3324,#N/A,#N/A,30053,30053,37197,30053
3326,#N/A,#N/A,30103,30103,37197,30103
3327,#N/A,#N/A,30102,30102,#N/A,#N/A
3328,#N/A,#N/A,30102,30102,#N/A,#N/A
3335,#N/A,#N/A,30053,30053,37197,30053
3338,#N/A,#N/A,30103,30103,37197,30103
3339,#N/A,#N/A,30053,30053,#N/A,#N/A
3343,#N/A,#N/A,30053,30053,#N/A,#N/A
3351,#N/A,#N/A,30102,30102,#N/A,#N/A
3367,#N/A,#N/A,30053,30053,37197,30053
3370,#N/A,#N/A,30102,30102,#N/A,#N/A
3374,#N/A,#N/A,30102,30102,#N/A,#N/A
3376,#N/A,#N/A,30103,30103,37197,30103
3381,#N/A,#N/A,30052,30052,37197,30052
3384,#N/A,#N/A,30103,30103,37197,30103
3385,#N/A,#N/A,34515,34515,37197,34515
3390,#N/A,#N/A,30103,30103,37197,30103
3395,#N/A,#N/A,30053,30053,#N/A,#N/A
3398,#N/A,#N/A,30102,30102,#N/A,#N/A
3404,#N/A,#N/A,30053,30053,37197,30053
3405,#N/A,#N/A,30102,30102,#N/A,#N/A
3406,#N/A,#N/A,30103,30103,37197,30103
3411,#N/A,#N/A,30053,30053,37197,30053
3418,#N/A,#N/A,30053,30053,#N/A,#N/A
3423,#N/A,#N/A,30103,30103,37197,30103
3425,#N/A,#N/A,30103,30103,37197,30103
3430,#N/A,#N/A,30102,30102,#N/A,#N/A
3431,#N/A,#N/A,30102,30102,#N/A,#N/A
3432,#N/A,#N/A,30103,30103,37197,30103
3440,#N/A,#N/A,30102,30102,#N/A,#N/A
3442,#N/A,#N/A,30053,30053,#N/A,#N/A
3443,#N/A,#N/A,30053,30053,#N/A,#N/A
3447,#N/A,#N/A,30103,30103,37197,30103
3450,#N/A,#N/A,30053,30053,#N/A,#N/A
3451,#N/A,#N/A,30103,30103,37197,30103
3455,#N/A,#N/A,30103,30103,37197,30103
3456,#N/A,#N/A,30053,30053,#N/A,#N/A
3460,#N/A,#N/A,30103,30103,37197,30103
3461,34517,30103,30103,30103,37197,30103
3462,#N/A,#N/A,30053,30053,#N/A,#N/A
3463,#N/A,#N/A,30102,30102,#N/A,#N/A
3465,#N/A,#N/A,30103,30103,37197,30103
3469,#N/A,#N/A,30103,30103,37197,30103
3470,#N/A,#N/A,30053,30053,37197,30053
3481,#N/A,#N/A,30052,30052,37197,30052
3485,#N/A,#N/A,30053,30053,#N/A,#N/A
3493,#N/A,#N/A,30103,30103,37197,30103
4335,#N/A,#N/A,30053,30053,37197,30053
4338,#N/A,#N/A,30053,30053,37197,30053
4341,#N/A,#N/A,30103,30103,37197,30103
4343,34517,30103,30103,30103,37197,30103
4357,#N/A,#N/A,30102,30102,#N/A,#N/A
4377,#N/A,#N/A,30053,30053,#N/A,#N/A
4380,#N/A,#N/A,30103,30103,37197,30103
4395,#N/A,#N/A,30053,30053,37197,30053
4403,34517,30103,30103,30103,37197,30103
4409,#N/A,#N/A,30053,30053,37197,30053
4413,#N/A,#N/A,30103,30103,37197,30103
4423,#N/A,#N/A,30103,30103,37197,30103
4431,#N/A,#N/A,30053,30053,#N/A,#N/A
4432,34517,30103,30103,30103,37197,30103
4445,#N/A,#N/A,34515,34515,37197,34515
4466,#N/A,#N/A,30103,30103,37197,30103
4469,#N/A,#N/A,34515,34515,37197,34515
4477,#N/A,#N/A,30103,30103,37197,30103
4480,#N/A,#N/A,30053,30053,37197,30053
4503,#N/A,#N/A,30053,30053,#N/A,#N/A
4512,#N/A,#N/A,30102,30102,#N/A,#N/A
4540,#N/A,#N/A,30053,30053,37197,30053
4541,#N/A,#N/A,30053,30053,#N/A,#N/A
4555,#N/A,#N/A,30102,30102,#N/A,#N/A
4558,#N/A,#N/A,30053,30053,37197,30053
4573,#N/A,#N/A,30053,30053,#N/A,#N/A
4579,#N/A,#N/A,30103,30103,37197,30103
4611,#N/A,#N/A,30103,30103,37197,30103
4614,#N/A,#N/A,34515,34515,37197,34515
4615,#N/A,#N/A,30103,30103,37197,30103
4622,#N/A,#N/A,30053,30053,37197,30053
4626,#N/A,#N/A,30053,30053,37197,30053
4642,#N/A,#N/A,30103,30103,37197,30103
4877,#N/A,#N/A,30103,30103,37197,30103
4890,#N/A,#N/A,30102,30102,#N/A,#N/A
4891,#N/A,#N/A,30053,30053,#N/A,#N/A
4893,#N/A,#N/A,30103,30103,37197,30103
4933,#N/A,#N/A,30053,30053,#N/A,#N/A
4936,#N/A,#N/A,30102,30102,#N/A,#N/A
4937,#N/A,#N/A,30103,30103,#N/A,#N/A
4940,#N/A,#N/A,30102,30102,#N/A,#N/A
4943,#N/A,#N/A,30053,30053,#N/A,#N/A
4949,#N/A,#N/A,30102,30102,#N/A,#N/A
4950,#N/A,#N/A,30102,30102,#N/A,#N/A
4954,#N/A,#N/A,30102,30102,#N/A,#N/A
5000,#N/A,#N/A,30102,30102,#N/A,#N/A
5002,#N/A,#N/A,30103,30103,37197,30103
5007,#N/A,#N/A,30103,30103,37197,30103
5008,#N/A,#N/A,30103,30103,37197,30103
5009,#N/A,#N/A,30052,30052,37197,30052
5012,#N/A,#N/A,30053,30053,#N/A,#N/A
5014,#N/A,#N/A,30102,30102,#N/A,#N/A
5015,#N/A,#N/A,30102,30102,#N/A,#N/A
5017,#N/A,#N/A,30103,30103,37197,30103
5020,#N/A,#N/A,30053,30053,#N/A,#N/A
5025,#N/A,#N/A,30103,30103,37197,30103
5026,#N/A,#N/A,30053,30053,37197,30053
5027,#N/A,#N/A,30103,30103,37197,30103
5028,34517,30103,30103,30103,37197,30103
5033,#N/A,#N/A,30102,30102,#N/A,#N/A
5034,#N/A,#N/A,30103,30103,37197,30103
5035,#N/A,#N/A,30103,30103,37197,30103
5036,#N/A,#N/A,30102,30102,#N/A,#N/A
5044,#N/A,#N/A,30103,30103,37197,30103
5045,#N/A,#N/A,30053,30053,#N/A,#N/A
5047,#N/A,#N/A,30052,30052,37197,30052
5049,#N/A,#N/A,30102,30102,#N/A,#N/A
5050,34517,30103,30103,30103,37197,30103
5051,#N/A,#N/A,30053,30053,#N/A,#N/A
5054,#N/A,#N/A,30053,30053,#N/A,#N/A
5055,#N/A,#N/A,30103,30103,37197,30103
5056,34512,30102,30102,30102,#N/A,#N/A
5058,#N/A,#N/A,30103,30103,37197,30103
5062,#N/A,#N/A,30103,30103,37197,30103
5063,#N/A,#N/A,34515,34515,37197,34515
5064,#N/A,#N/A,30102,30102,#N/A,#N/A
5067,#N/A,#N/A,30102,30102,#N/A,#N/A
5072,#N/A,#N/A,30103,30103,37197,30103
5073,#N/A,#N/A,30103,30103,37197,30103
5074,34512,30102,30102,30102,#N/A,#N/A
5075,#N/A,#N/A,30103,30103,37197,30103
5076,#N/A,#N/A,30053,30053,#N/A,#N/A
5088,#N/A,#N/A,30053,30053,#N/A,#N/A
5089,#N/A,#N/A,30103,30103,37197,30103
5090,34517,30053,30053,30053,#N/A,#N/A
5092,#N/A,#N/A,30102,30102,#N/A,#N/A
5098,#N/A,#N/A,30102,30102,#N/A,#N/A
5099,#N/A,#N/A,30102,30102,#N/A,#N/A
5114,#N/A,#N/A,30102,30102,#N/A,#N/A
5129,#N/A,#N/A,30103,30103,37197,30103
5135,#N/A,#N/A,30053,30053,37197,30053
5141,#N/A,#N/A,30103,30103,37197,30103
5142,#N/A,#N/A,30102,30102,#N/A,#N/A
5143,34517,30053,30053,30053,#N/A,#N/A
5149,#N/A,#N/A,30102,30102,#N/A,#N/A
5153,#N/A,#N/A,30103,30103,37197,30103
5155,#N/A,#N/A,30103,30103,37197,30103
5161,#N/A,#N/A,34515,34515,37197,34515
5165,#N/A,#N/A,30102,30102,#N/A,#N/A
5167,#N/A,#N/A,30103,30103,37197,30103
5168,#N/A,#N/A,30102,30102,#N/A,#N/A
5172,#N/A,#N/A,30103,30103,37197,30103
5182,#N/A,#N/A,30102,30102,#N/A,#N/A
5197,#N/A,#N/A,30102,30102,#N/A,#N/A
5203,#N/A,#N/A,30102,30102,#N/A,#N/A
5207,#N/A,#N/A,30102,30102,#N/A,#N/A
5209,#N/A,#N/A,30103,30103,37197,30103
5213,#N/A,#N/A,30103,30103,37197,30103
5223,#N/A,#N/A,30102,30102,#N/A,#N/A
5224,#N/A,#N/A,30053,30053,#N/A,#N/A
5225,#N/A,#N/A,30102,30102,#N/A,#N/A
5227,#N/A,#N/A,30102,30102,#N/A,#N/A
5228,34512,30102,30102,30102,#N/A,#N/A
5242,#N/A,#N/A,30052,30052,37197,30052
5246,#N/A,#N/A,30102,30102,#N/A,#N/A
5250,#N/A,#N/A,30103,30103,37197,30103
5270,#N/A,#N/A,30102,30102,#N/A,#N/A
5278,#N/A,#N/A,30102,30102,#N/A,#N/A
5286,#N/A,#N/A,30053,30053,#N/A,#N/A
5299,#N/A,#N/A,30103,30103,37197,30103
5315,34517,30053,30053,30053,#N/A,#N/A
5316,#N/A,#N/A,30103,30103,37197,30103
5318,#N/A,#N/A,30102,30102,#N/A,#N/A
5321,#N/A,#N/A,30103,30103,37197,30103
5325,#N/A,#N/A,30102,30102,#N/A,#N/A
5329,#N/A,#N/A,30102,30102,#N/A,#N/A
5332,#N/A,#N/A,30102,30102,#N/A,#N/A
5338,#N/A,#N/A,30102,30102,#N/A,#N/A
5352,#N/A,#N/A,30103,30103,37197,30103
5362,#N/A,#N/A,30102,30102,#N/A,#N/A
5365,#N/A,#N/A,30053,30053,#N/A,#N/A
5370,#N/A,#N/A,30103,30103,37197,30103
5371,#N/A,#N/A,30052,30052,37197,30052
5378,#N/A,#N/A,30102,30102,#N/A,#N/A
5381,#N/A,#N/A,30103,30103,37197,30103
5384,#N/A,#N/A,30053,30053,#N/A,#N/A
5386,#N/A,#N/A,30102,30102,#N/A,#N/A
5391,#N/A,#N/A,30053,30053,#N/A,#N/A
5392,#N/A,#N/A,30102,30102,#N/A,#N/A
5394,#N/A,#N/A,30103,30103,37197,30103
5397,#N/A,#N/A,30102,30102,#N/A,#N/A
5401,#N/A,#N/A,30103,30103,37197,30103
5403,#N/A,#N/A,30102,30102,#N/A,#N/A
5415,#N/A,#N/A,30053,30053,#N/A,#N/A
5429,#N/A,#N/A,30053,30053,#N/A,#N/A
5434,#N/A,#N/A,30103,30103,37197,30103
5438,#N/A,#N/A,34515,34515,37197,34515
5442,#N/A,#N/A,34515,34515,37197,34515
5446,#N/A,#N/A,30103,30103,37197,30103
5461,34517,30053,30053,30053,#N/A,#N/A
5471,#N/A,#N/A,34515,34515,37197,34515
5472,#N/A,#N/A,30053,30053,#N/A,#N/A
5475,#N/A,#N/A,30103,30103,37197,30103
5478,#N/A,#N/A,30053,30053,#N/A,#N/A
5495,34512,30102,30102,30102,#N/A,#N/A
5498,#N/A,#N/A,30102,30102,#N/A,#N/A
5503,#N/A,#N/A,30102,30102,#N/A,#N/A
5504,#N/A,#N/A,30102,30102,#N/A,#N/A
5506,#N/A,#N/A,30102,30102,#N/A,#N/A
5519,34517,30103,30103,30103,37197,30103
5525,34517,30053,30053,30053,#N/A,#N/A
5528,#N/A,#N/A,30053,30053,37197,30053
5533,#N/A,#N/A,30103,30103,37197,30103
5542,#N/A,#N/A,34515,34515,37197,34515
5549,#N/A,#N/A,30102,30102,#N/A,#N/A
5553,#N/A,#N/A,30102,30102,#N/A,#N/A
5559,#N/A,#N/A,30103,30103,37197,30103
5562,#N/A,#N/A,30103,30103,37197,30103
5563,#N/A,#N/A,30103,30103,37197,30103
5567,#N/A,#N/A,30103,30103,37197,30103
5570,#N/A,#N/A,30102,30102,#N/A,#N/A
5583,#N/A,#N/A,30053,30053,#N/A,#N/A
5593,34512,30102,30102,30102,#N/A,#N/A
5607,#N/A,#N/A,30102,30102,#N/A,#N/A
5615,34517,30103,30103,30103,37197,30103
5618,#N/A,#N/A,30103,30103,37197,30103
5631,#N/A,#N/A,30103,30103,37197,30103
5634,34512,30102,30102,30102,#N/A,#N/A
5656,#N/A,#N/A,30102,30102,#N/A,#N/A
5661,34517,30103,30103,30103,37197,30103
5662,#N/A,#N/A,30102,30102,#N/A,#N/A
5664,#N/A,#N/A,30103,30103,37197,30103
5667,#N/A,#N/A,30102,30102,#N/A,#N/A
5672,34517,30103,30103,30103,37197,30103
5706,34517,30103,30103,30103,37197,30103
5712,34512,30102,30102,30102,#N/A,#N/A
5716,34517,30053,30053,30053,37197,30053
5724,#N/A,#N/A,30102,30102,#N/A,#N/A
5725,#N/A,#N/A,30103,30103,37197,30103
5746,#N/A,#N/A,30053,30053,#N/A,#N/A
5751,#N/A,#N/A,30102,30102,#N/A,#N/A
5779,#N/A,#N/A,30102,30102,#N/A,#N/A
5783,#N/A,#N/A,30102,30102,#N/A,#N/A
5787,#N/A,#N/A,30053,30053,#N/A,#N/A
5789,#N/A,#N/A,30053,30053,#N/A,#N/A
5807,34517,30103,30103,30103,37197,30103
5809,#N/A,#N/A,30103,30103,37197,30103
5810,#N/A,#N/A,30053,30053,#N/A,#N/A
5812,#N/A,#N/A,30053,30053,#N/A,#N/A
5828,#N/A,#N/A,30102,30102,#N/A,#N/A
5831,#N/A,#N/A,30102,30102,#N/A,#N/A
5837,#N/A,#N/A,30103,30103,37197,30103
5839,#N/A,#N/A,30102,30102,#N/A,#N/A
5851,#N/A,#N/A,30102,30102,#N/A,#N/A
5852,#N/A,#N/A,30102,30102,#N/A,#N/A
5853,#N/A,#N/A,30102,30102,#N/A,#N/A
5854,#N/A,#N/A,30102,30102,#N/A,#N/A
5862,#N/A,#N/A,30103,30103,37197,30103
5867,#N/A,#N/A,30053,30053,#N/A,#N/A
5880,#N/A,#N/A,30103,30103,37197,30103
5886,#N/A,#N/A,30102,30102,#N/A,#N/A
5893,34512,30102,30102,30102,#N/A,#N/A
5895,#N/A,#N/A,30103,30103,37197,30103
5902,#N/A,#N/A,30102,30102,#N/A,#N/A
5905,34517,30103,30103,30103,37197,30103
5913,#N/A,#N/A,30102,30102,#N/A,#N/A
5921,#N/A,#N/A,30102,30102,#N/A,#N/A
5927,#N/A,#N/A,30053,30053,#N/A,#N/A
5966,#N/A,#N/A,30053,30053,#N/A,#N/A
5971,#N/A,#N/A,30053,30053,37197,30053
5984,#N/A,#N/A,30102,30102,#N/A,#N/A
5996,34512,30102,30102,30102,#N/A,#N/A
6002,#N/A,#N/A,30103,30103,37197,30103
6006,#N/A,#N/A,30102,30102,#N/A,#N/A
6011,#N/A,#N/A,30103,30103,37197,30103
6012,34517,30103,30103,30103,37197,30103
6014,#N/A,#N/A,30053,30053,#N/A,#N/A
6016,34517,30103,30103,30103,37197,30103
6030,#N/A,#N/A,30053,30053,37197,30053
6045,#N/A,#N/A,30102,30102,#N/A,#N/A
6046,34512,30102,30102,30102,#N/A,#N/A
6056,#N/A,#N/A,30103,30103,37197,30103
6060,#N/A,#N/A,30102,30102,#N/A,#N/A
6065,#N/A,#N/A,30102,30102,#N/A,#N/A
6091,34517,30053,30053,30053,#N/A,#N/A
6092,#N/A,#N/A,30053,30053,#N/A,#N/A
6103,#N/A,#N/A,30102,30102,#N/A,#N/A
6112,#N/A,#N/A,30102,30102,#N/A,#N/A
6114,#N/A,#N/A,30053,30053,#N/A,#N/A
6119,#N/A,#N/A,30102,30102,#N/A,#N/A
6124,#N/A,#N/A,30053,30053,#N/A,#N/A
6135,#N/A,#N/A,30102,30102,#N/A,#N/A
6136,#N/A,#N/A,30103,30103,37197,30103
6137,#N/A,#N/A,30053,30053,#N/A,#N/A
6139,#N/A,#N/A,30053,30053,#N/A,#N/A
6141,#N/A,#N/A,30102,30102,#N/A,#N/A
6142,#N/A,#N/A,30053,30053,#N/A,#N/A
6148,#N/A,#N/A,30103,30103,37197,30103
6159,#N/A,#N/A,30102,30102,#N/A,#N/A
6160,#N/A,#N/A,34515,34515,37197,34515
6161,#N/A,#N/A,30102,30102,#N/A,#N/A
6163,#N/A,#N/A,30053,30053,37197,30053
6165,#N/A,#N/A,30103,30103,37197,30103
6167,#N/A,#N/A,30053,30053,#N/A,#N/A
6170,#N/A,#N/A,30053,30053,#N/A,#N/A
6174,34517,30053,30053,30053,#N/A,#N/A
6178,#N/A,#N/A,30102,30102,#N/A,#N/A
6184,#N/A,#N/A,#N/A,#N/A,#N/A,#N/A
6189,34517,30103,30103,30103,37197,30103
6192,#N/A,#N/A,30053,30053,37197,30053
6195,#N/A,#N/A,30102,30102,#N/A,#N/A
6197,#N/A,#N/A,30102,30102,#N/A,#N/A
6202,34517,30103,30103,30103,37197,30103
6207,#N/A,#N/A,30053,30053,37197,30053
6214,#N/A,#N/A,30103,30103,37197,30103
6219,34517,30053,30053,30053,#N/A,#N/A
6223,#N/A,#N/A,30102,30102,#N/A,#N/A
6226,#N/A,#N/A,30102,30102,#N/A,#N/A
6227,#N/A,#N/A,30102,30102,#N/A,#N/A
6242,#N/A,#N/A,30103,30103,37197,30103
6246,#N/A,#N/A,34515,34515,37197,34515
6249,#N/A,#N/A,30102,30102,#N/A,#N/A
6255,#N/A,#N/A,30103,30103,37197,30103
6262,#N/A,#N/A,30053,30053,#N/A,#N/A
6276,#N/A,#N/A,30102,30102,#N/A,#N/A
6292,#N/A,#N/A,30053,30053,37197,30053
6294,#N/A,#N/A,30103,30103,37197,30103
6295,#N/A,#N/A,30103,30103,37197,30103
6299,#N/A,#N/A,30102,30102,#N/A,#N/A
6300,#N/A,#N/A,30102,30102,#N/A,#N/A
6305,#N/A,#N/A,30102,30102,#N/A,#N/A
6316,#N/A,#N/A,30103,30103,37197,30103
6320,#N/A,#N/A,30052,30052,37197,30052
6321,#N/A,#N/A,30052,30052,37197,30052
6323,34517,30053,30053,30053,#N/A,#N/A
6331,#N/A,#N/A,30053,30053,37197,30053
6338,#N/A,#N/A,30053,30053,#N/A,#N/A
6369,#N/A,#N/A,30102,30102,#N/A,#N/A
6388,#N/A,#N/A,30102,30102,#N/A,#N/A
6399,#N/A,#N/A,30103,30103,37197,30103
6403,#N/A,#N/A,30053,30053,#N/A,#N/A
6405,#N/A,#N/A,30103,30103,37197,30103
6411,#N/A,#N/A,30102,30102,#N/A,#N/A
6418,#N/A,#N/A,30102,30102,#N/A,#N/A
6426,#N/A,#N/A,30053,30053,#N/A,#N/A
6428,#N/A,#N/A,30102,30102,#N/A,#N/A
6441,#N/A,#N/A,30102,30102,#N/A,#N/A
6446,#N/A,#N/A,30053,30053,#N/A,#N/A
6447,#N/A,#N/A,30102,30102,#N/A,#N/A
6448,#N/A,#N/A,30102,30102,#N/A,#N/A
6457,#N/A,#N/A,34515,34515,37197,34515
6461,#N/A,#N/A,30053,30053,#N/A,#N/A
6462,#N/A,#N/A,30102,30102,#N/A,#N/A
6463,#N/A,#N/A,30102,30102,#N/A,#N/A
6473,#N/A,#N/A,30102,30102,#N/A,#N/A
6481,#N/A,#N/A,30102,30102,#N/A,#N/A
6489,#N/A,#N/A,30103,30103,37197,30103
6501,#N/A,#N/A,30103,30103,37197,30103
6503,#N/A,#N/A,30053,30053,37197,30053
6519,#N/A,#N/A,30053,30053,#N/A,#N/A
6527,37198,30052,30052,30052,37197,30052
6532,#N/A,#N/A,30053,30053,#N/A,#N/A
6533,#N/A,#N/A,30103,30103,37197,30103
6542,#N/A,#N/A,30103,30103,37197,30103
6564,#N/A,#N/A,34515,34515,37197,34515
6569,#N/A,#N/A,30102,30102,#N/A,#N/A
6570,#N/A,#N/A,30102,30102,#N/A,#N/A
6573,#N/A,#N/A,30102,30102,#N/A,#N/A
6576,#N/A,#N/A,30103,30103,37197,30103
6577,#N/A,#N/A,30103,30103,37197,30103
6582,#N/A,#N/A,30053,30053,#N/A,#N/A
6589,#N/A,#N/A,30103,30103,37197,30103
6598,#N/A,#N/A,30103,30103,37197,30103
6599,#N/A,#N/A,30053,30053,#N/A,#N/A
6602,#N/A,#N/A,30102,30102,#N/A,#N/A
6607,#N/A,#N/A,30103,30103,37197,30103
6614,#N/A,#N/A,30053,30053,37197,30053
6616,#N/A,#N/A,30053,30053,#N/A,#N/A
6618,#N/A,#N/A,30103,30103,37197,30103
6636,#N/A,#N/A,30102,30102,#N/A,#N/A
6638,#N/A,#N/A,30102,30102,#N/A,#N/A
6642,#N/A,#N/A,30102,30102,#N/A,#N/A
6645,#N/A,#N/A,34515,34515,37197,34515
6647,#N/A,#N/A,30052,30052,37197,30052
6655,34517,30103,30103,30103,37197,30103
6659,#N/A,#N/A,30052,30052,37197,30052
6660,34517,30103,30103,30103,37197,30103
6662,#N/A,#N/A,30102,30102,#N/A,#N/A
6669,#N/A,#N/A,30103,30103,37197,30103
6672,#N/A,#N/A,30102,30102,#N/A,#N/A
6678,#N/A,#N/A,30102,30102,#N/A,#N/A
6679,#N/A,#N/A,30103,30103,37197,30103
6681,#N/A,#N/A,30103,30103,37197,30103
6682,#N/A,#N/A,30103,30103,37197,30103
6683,34517,30103,30103,30103,37197,30103
6684,#N/A,#N/A,30103,30103,37197,30103
6685,#N/A,#N/A,30102,30102,#N/A,#N/A
6687,#N/A,#N/A,30103,30103,37197,30103
6697,#N/A,#N/A,30053,30053,#N/A,#N/A
6700,#N/A,#N/A,30102,30102,#N/A,#N/A
6716,34512,30102,30102,30102,#N/A,#N/A
6722,#N/A,#N/A,30102,30102,#N/A,#N/A
6727,34512,30102,30102,30102,#N/A,#N/A
6738,#N/A,#N/A,30052,30052,37197,30052
6741,#N/A,#N/A,30102,30102,#N/A,#N/A
6742,34517,30053,30053,30053,#N/A,#N/A
6747,#N/A,#N/A,30053,30053,#N/A,#N/A
6748,#N/A,#N/A,30053,30053,37197,30053
6777,#N/A,#N/A,30102,30102,#N/A,#N/A
6782,#N/A,#N/A,30102,30102,#N/A,#N/A
6788,#N/A,#N/A,30052,30052,37197,30052
6789,#N/A,#N/A,30103,30103,37197,30103
6795,#N/A,#N/A,30103,30103,37197,30103
6809,#N/A,#N/A,30102,30102,#N/A,#N/A
6813,#N/A,#N/A,30103,30103,37197,30103
6817,#N/A,#N/A,30053,30053,#N/A,#N/A
6818,#N/A,#N/A,30053,30053,#N/A,#N/A
6820,34517,30053,30053,30053,#N/A,#N/A
6830,#N/A,#N/A,30103,30103,37197,30103
6832,#N/A,#N/A,30053,30053,#N/A,#N/A
6834,#N/A,#N/A,30053,30053,37197,30053
6836,#N/A,#N/A,30053,30053,#N/A,#N/A
6840,#N/A,#N/A,30103,30103,37197,30103
6841,#N/A,#N/A,30103,30103,37197,30103
6852,#N/A,#N/A,30102,30102,#N/A,#N/A
6854,#N/A,#N/A,30102,30102,#N/A,#N/A
6857,34512,30102,30102,30102,#N/A,#N/A
6858,#N/A,#N/A,30102,30102,#N/A,#N/A
6876,#N/A,#N/A,30102,30102,#N/A,#N/A
6880,#N/A,#N/A,30053,30053,#N/A,#N/A
6897,#N/A,#N/A,30053,30053,#N/A,#N/A
6998,#N/A,#N/A,30053,30053,37197,30053
51019,#N/A,#N/A,30103,30103,#N/A,#N/A
53001,#N/A,#N/A,30102,30102,#N/A,#N/A
53002,#N/A,#N/A,30053,30053,#N/A,#N/A
53005,#N/A,#N/A,30102,30102,#N/A,#N/A
53006,#N/A,#N/A,30102,30102,#N/A,#N/A
53008,#N/A,#N/A,30053,30053,#N/A,#N/A
53015,#N/A,#N/A,30053,30053,#N/A,#N/A
53021,#N/A,#N/A,30053,30053,#N/A,#N/A
53023,#N/A,#N/A,30102,30102,#N/A,#N/A
53024,#N/A,#N/A,30053,30053,#N/A,#N/A
53029,#N/A,#N/A,30053,30053,#N/A,#N/A
53031,#N/A,#N/A,30053,30053,#N/A,#N/A
53034,#N/A,#N/A,30053,30053,#N/A,#N/A
53039,#N/A,#N/A,30103,30103,37197,30103
53041,#N/A,#N/A,#N/A,#N/A,#N/A,#N/A
53055,#N/A,#N/A,30103,30103,37197,30103
53057,#N/A,#N/A,30053,30053,#N/A,#N/A
53060,#N/A,#N/A,30053,30053,#N/A,#N/A
53062,#N/A,#N/A,30053,30053,#N/A,#N/A
53063,#N/A,#N/A,30053,30053,#N/A,#N/A
53065,#N/A,#N/A,30103,30103,37197,30103
53070,#N/A,#N/A,30103,30103,37197,30103
53071,#N/A,#N/A,30103,30103,37197,30103
53072,#N/A,#N/A,30053,30053,#N/A,#N/A
53075,#N/A,#N/A,30053,30053,#N/A,#N/A
53080,#N/A,#N/A,30053,30053,#N/A,#N/A
57815,#N/A,#N/A,30053,30053,37197,30053
57866,#N/A,#N/A,30102,30102,#N/A,#N/A
57867,#N/A,#N/A,30102,30102,#N/A,#N/A
57868,#N/A,#N/A,30102,30102,#N/A,#N/A
57869,#N/A,#N/A,30102,30102,#N/A,#N/A
57872,#N/A,#N/A,30053,30053,37197,30053
57898,#N/A,#N/A,30053,30053,37197,30053
57902,#N/A,#N/A,30102,30102,#N/A,#N/A
57905,#N/A,#N/A,30053,30053,37197,30053
57907,#N/A,#N/A,30102,30102,#N/A,#N/A
57910,#N/A,#N/A,30102,30102,#N/A,#N/A
57927,#N/A,#N/A,30102,30102,#N/A,#N/A
57929,#N/A,#N/A,30053,30053,37197,30053
57930,#N/A,#N/A,30102,30102,#N/A,#N/A
57932,#N/A,#N/A,30102,30102,#N/A,#N/A
57940,#N/A,#N/A,30053,30053,37197,30053
57942,#N/A,#N/A,30102,30102,#N/A,#N/A
57944,#N/A,#N/A,30053,30053,37197,30053
57945,#N/A,#N/A,30102,30102,#N/A,#N/A
57948,#N/A,#N/A,30102,30102,#N/A,#N/A
57954,#N/A,#N/A,30102,30102,#N/A,#N/A
57956,#N/A,#N/A,30102,30102,#N/A,#N/A
57988,#N/A,#N/A,30053,30053,37197,30053
57999,#N/A,#N/A,30102,30102,#N/A,#N/A
58006,#N/A,#N/A,30053,30053,37197,30053
58008,#N/A,#N/A,30102,30102,#N/A,#N/A
58009,#N/A,#N/A,30053,30053,37197,30053
3145,#N/A,#N/A,30110,30110,#N/A,#N/A
4460,#N/A,#N/A,30053,30053,#N/A,#N/A
5527,#N/A,#N/A,30053,30053,37197,30053
6261,#N/A,#N/A,30053,30053,#N/A,#N/A
50876,#N/A,#N/A,#N/A,#N/A,#N/A,#N/A
50877,#N/A,#N/A,#N/A,#N/A,#N/A,#N/A
50878,#N/A,#N/A,#N/A,#N/A,#N/A,#N/A
50885,#N/A,#N/A,#N/A,#N/A,#N/A,#N/A
50891,#N/A,#N/A,#N/A,#N/A,#N/A,#N/A
53012,#N/A,#N/A,30053,30053,#N/A,#N/A
53017,#N/A,#N/A,30053,30053,#N/A,#N/A
53052,#N/A,#N/A,30053,30053,#N/A,#N/A
57816,#N/A,#N/A,30103,30103,37197,30103
57840,#N/A,#N/A,30103,30103,37197,30103
57841,#N/A,#N/A,30103,30103,37197,30103
57843,#N/A,#N/A,30103,30103,37197,30103
57845,#N/A,#N/A,30103,30103,37197,30103
57864,#N/A,#N/A,30103,30103,37197,30103
57879,34517,30103,30103,30103,37197,30103
57908,#N/A,#N/A,30103,30103,37197,30103
57909,#N/A,#N/A,30103,30103,37197,30103
57918,#N/A,#N/A,30103,30103,37197,30103
57923,#N/A,#N/A,30103,30103,37197,30103
57926,34517,30103,30103,30103,37197,30103
58004,#N/A,#N/A,30103,30103,37197,30103
58011,#N/A,#N/A,30103,30103,37197,30103
53074,#N/A,#N/A,30053,30053,#N/A,#N/A
50907,#N/A,#N/A,30053,30053,#N/A,#N/A
53069,#N/A,#N/A,30053,30053,#N/A,#N/A
53073,#N/A,#N/A,30053,30053,#N/A,#N/A
53078,#N/A,#N/A,30053,30053,#N/A,#N/A
53079,#N/A,#N/A,30053,30053,#N/A,#N/A
53082,#N/A,#N/A,30053,30053,#N/A,#N/A
4854,#N/A,#N/A,30053,30053,#N/A,#N/A
53014,#N/A,#N/A,30053,30053,#N/A,#N/A
53092,#N/A,#N/A,30053,30053,#N/A,#N/A
53094,#N/A,#N/A,30053,30053,#N/A,#N/A
53095,#N/A,#N/A,30053,30053,#N/A,#N/A
4804,#N/A,#N/A,30053,30053,#N/A,#N/A
4824,#N/A,#N/A,30053,30053,#N/A,#N/A
4816,#N/A,#N/A,30103,30103,37197,30103
4829,#N/A,#N/A,30103,30103,37197,30103
4783,#N/A,#N/A,30053,30053,#N/A,#N/A
4798,#N/A,#N/A,30102,30102,#N/A,#N/A
4799,#N/A,#N/A,30102,30102,#N/A,#N/A
4797,#N/A,#N/A,30102,30102,#N/A,#N/A
4831,#N/A,#N/A,30053,30053,#N/A,#N/A
4846,#N/A,#N/A,30102,30102,#N/A,#N/A
4840,#N/A,#N/A,30102,30102,#N/A,#N/A
4497,#N/A,#N/A,30102,30102,#N/A,#N/A
53068,#N/A,#N/A,30053,30053,#N/A,#N/A
4843,#N/A,#N/A,30102,30102,#N/A,#N/A
3388,#N/A,#N/A,30103,30103,#N/A,#N/A
3391,#N/A,#N/A,30103,30103,#N/A,#N/A
2125,#N/A,#N/A,30053,30053,#N/A,#N/A
2284,#N/A,#N/A,30102,30102,#N/A,#N/A
2063,#N/A,#N/A,30053,30053,#N/A,#N/A
53010,#N/A,#N/A,30103,30103,#N/A,#N/A
53027,#N/A,#N/A,30103,30103,#N/A,#N/A
4838,#N/A,#N/A,30102,30102,#N/A,#N/A
4780,#N/A,#N/A,30053,30053,#N/A,#N/A
2259,#N/A,#N/A,30052,30052,37197,30052
2934,#N/A,#N/A,30052,30052,37197,30052
3295,#N/A,#N/A,30052,30052,37197,30052
3300,#N/A,#N/A,30052,30052,37197,30052
4564,#N/A,#N/A,30052,30052,37197,30052
6156,#N/A,#N/A,30052,30052,37197,30052
6443,#N/A,#N/A,30052,30052,37197,30052
6686,#N/A,#N/A,30052,30052,37197,30052
53099,#N/A,#N/A,30103,30103,#N/A,#N/A
53093,#N/A,#N/A,30103,30103,#N/A,#N/A
4888,#N/A,#N/A,30053,30053,#N/A,#N/A
53025,#N/A,#N/A,30053,30053,#N/A,#N/A
53011,#N/A,#N/A,30053,30053,#N/A,#N/A
53051,#N/A,#N/A,30053,30053,#N/A,#N/A
53009,#N/A,#N/A,30053,30053,#N/A,#N/A
53043,#N/A,#N/A,30053,30053,#N/A,#N/A
53098,#N/A,#N/A,30103,30103,#N/A,#N/A
3459920,#N/A,#N/A,30102,30102,#N/A,#N/A
6668,37198,37198,30053,30053,#N/A,#N/A
2304,38111,38111,38111,38111,37197,38111
2365,38111,38111,38111,38111,37197,38111
2486,38111,38111,38111,38111,37197,38111
2620,38111,38111,38111,38111,37197,38111
2774,38111,38111,38111,38111,37197,38111
3072,38111,38111,38111,38111,37197,38111
3296,38111,38111,38111,38111,37197,38111
3575,38111,38111,38111,38111,37197,38111
4369,38111,38111,38111,38111,37197,38111
4625,38111,38111,38111,38111,37197,38111
4898,38111,38111,38111,38111,37197,38111
4918,38111,38111,38111,38111,37197,38111
5256,38111,38111,38111,38111,37197,38111
5258,38111,38111,38111,38111,37197,38111
5319,38111,38111,38111,38111,37197,38111
5349,38111,38111,38111,38111,37197,38111
5534,38111,38111,38111,38111,37197,38111
5616,38111,38111,38111,38111,37197,38111
5676,38111,38111,38111,38111,37197,38111
5865,38111,38111,38111,38111,37197,38111
5884,38111,38111,38111,38111,37197,38111
5891,38111,38111,38111,38111,37197,38111
5910,38111,38111,38111,38111,37197,38111
5919,38111,38111,38111,38111,37197,38111
5920,38111,38111,38111,38111,37197,38111
6061,38111,38111,38111,38111,37197,38111
6087,38111,38111,38111,38111,37197,38111
6097,38111,38111,38111,38111,37197,38111
6107,38111,38111,38111,38111,37197,38111
6115,38111,38111,38111,38111,37197,38111
6176,38111,38111,38111,38111,37197,38111
6303,38111,38111,38111,38111,37197,38111
6304,38111,38111,38111,38111,37197,38111
6377,38111,38111,38111,38111,37197,38111
6594,38111,38111,38111,38111,37197,38111
6657,38111,38111,38111,38111,37197,38111
6842,38111,38111,38111,38111,37197,38111
6896,38111,38111,38111,38111,37197,38111
2188,68807,68807,68807,68807,30002,68807
2278,68807,68807,68807,68807,30002,68807
2371,68807,68807,68807,68807,30002,68807
2562,68807,68807,68807,68807,30111,68807
2638,68807,68807,68807,68807,30002,68807
2914,68807,68807,68807,68807,30111,68807
2915,68807,68807,68807,68807,30111,68807
2916,68807,68807,68807,68807,30002,68807
2917,68807,68807,68807,68807,68807,68807
2938,68807,68807,68807,68807,30111,68807
2968,68807,68807,68807,68807,30111,68807
2969,68807,68807,68807,68807,30002,68807
2971,68807,68807,68807,68807,30002,68807
3223,68807,68807,68807,68807,30111,68807
3255,68807,68807,68807,68807,30002,68807
3303,68807,68807,68807,68807,30111,68807
3468,68807,68807,68807,68807,30002,68807
4346,68807,68807,68807,68807,30111,68807
4347,68807,68807,68807,68807,30111,68807
4358,68807,68807,68807,68807,30002,68807
4561,68807,68807,68807,68807,30111,68807
4802,68807,68807,68807,68807,30111,68807
5021,68807,68807,68807,68807,30111,68807
5071,68807,68807,68807,68807,30111,68807
5108,68807,68807,68807,68807,30002,68807
5109,68807,68807,68807,68807,30002,68807
5185,68807,68807,68807,68807,30002,68807
5187,68807,68807,68807,68807,30111,68807
5201,68807,68807,68807,68807,30111,68807
5254,68807,68807,68807,68807,30111,68807
5274,68807,68807,68807,68807,30111,68807
5276,68807,68807,68807,68807,30111,68807
5340,68807,68807,68807,68807,30111,68807
5373,68807,68807,68807,68807,30111,68807
5395,68807,68807,68807,68807,30111,68807
5412,68807,68807,68807,68807,30111,68807
5457,68807,68807,68807,68807,30002,68807
5496,68807,68807,68807,68807,30111,68807
5596,68807,68807,68807,68807,30111,68807
5658,68807,68807,68807,68807,30111,68807
5805,68807,68807,68807,68807,30111,68807
5819,68807,68807,68807,68807,30111,68807
5847,68807,68807,68807,68807,30111,68807
5866,68807,68807,68807,68807,30111,68807
5936,68807,68807,68807,68807,30111,68807
5967,68807,68807,68807,68807,30111,68807
5970,68807,68807,68807,68807,30111,68807
6058,68807,68807,68807,68807,30111,68807
6086,68807,68807,68807,68807,30111,68807
6128,68807,68807,68807,68807,68807,68807
6168,68807,68807,68807,68807,30111,68807
6334,68807,68807,68807,68807,30111,68807
6407,68807,68807,68807,68807,30111,68807
6502,68807,68807,68807,68807,30111,68807
6513,68807,68807,68807,68807,30002,68807
6520,68807,68807,68807,68807,30111,68807
6524,68807,68807,68807,68807,30111,68807
6536,68807,68807,68807,68807,30111,68807
6597,68807,68807,68807,68807,30111,68807
6606,68807,68807,68807,68807,30111,68807
6653,68807,68807,68807,68807,30002,68807
6715,68807,68807,68807,68807,30111,68807
6761,68807,68807,68807,68807,30111,68807
6781,68807,68807,68807,68807,68807,68807
6864,68807,68807,68807,68807,30111,68807
2468,38111,38111,38111,38111,37197,38111
2522,38111,38111,38111,38111,37197,38111
3033,38111,38111,38111,38111,37197,38111
3287,38111,38111,38111,38111,37197,38111
2004,#N/A,#N/A,30052,30052,37197,30052
2031,#N/A,#N/A,30052,30052,37197,30052
2039,#N/A,#N/A,30052,30052,37197,30052
2094,#N/A,#N/A,30052,30052,37197,30052
2140,#N/A,#N/A,30052,30052,37197,30052
2143,#N/A,#N/A,30052,30052,37197,30052
2177,#N/A,#N/A,30052,30052,37197,30052
2191,#N/A,#N/A,30052,30052,37197,30052
2200,#N/A,#N/A,30052,30052,37197,30052
2203,#N/A,#N/A,30052,30052,37197,30052
2208,#N/A,#N/A,30052,30052,37197,30052
2211,#N/A,#N/A,30052,30052,37197,30052
2253,#N/A,#N/A,30052,30052,37197,30052
2270,#N/A,#N/A,30052,30052,37197,30052
2342,#N/A,#N/A,30052,30052,37197,30052
2345,#N/A,#N/A,30052,30052,37197,30052
2348,#N/A,#N/A,30052,30052,37197,30052
2395,#N/A,#N/A,30052,30052,37197,30052
2422,#N/A,#N/A,30052,30052,37197,30052
2438,#N/A,#N/A,30052,30052,37197,30052
2445,#N/A,#N/A,30052,30052,37197,30052
2449,#N/A,#N/A,30052,30052,37197,30052
2450,#N/A,#N/A,30052,30052,37197,30052
2485,#N/A,#N/A,30052,30052,37197,30052
2526,#N/A,#N/A,30052,30052,37197,30052
2531,#N/A,#N/A,30052,30052,37197,30052
2535,#N/A,#N/A,30052,30052,37197,30052
2541,#N/A,#N/A,30052,30052,37197,30052
2556,#N/A,#N/A,30052,30052,37197,30052
2560,#N/A,#N/A,30052,30052,37197,30052
2572,#N/A,#N/A,30052,30052,37197,30052
2577,#N/A,#N/A,30052,30052,37197,30052
2596,#N/A,#N/A,30052,30052,37197,30052
2680,#N/A,#N/A,30052,30052,37197,30052
2723,#N/A,#N/A,30052,30052,37197,30052
2803,#N/A,#N/A,30052,30052,37197,30052
2821,#N/A,#N/A,30052,30052,37197,30052
2857,#N/A,#N/A,30052,30052,37197,30052
2860,#N/A,#N/A,30052,30052,37197,30052
2902,#N/A,#N/A,30052,30052,37197,30052
2903,#N/A,#N/A,30052,30052,37197,30052
2906,#N/A,#N/A,30052,30052,37197,30052
2965,#N/A,#N/A,30052,30052,37197,30052
3003,#N/A,#N/A,30052,30052,37197,30052
3007,#N/A,#N/A,30052,30052,37197,30052
3038,#N/A,#N/A,30052,30052,37197,30052
3066,#N/A,#N/A,30052,30052,37197,30052
3068,#N/A,#N/A,30052,30052,37197,30052
3070,#N/A,#N/A,30052,30052,37197,30052
3077,#N/A,#N/A,30052,30052,37197,30052
3078,#N/A,#N/A,30052,30052,37197,30052
3112,#N/A,#N/A,30052,30052,37197,30052
3116,#N/A,#N/A,30052,30052,37197,30052
3137,#N/A,#N/A,30052,30052,37197,30052
3148,#N/A,#N/A,30052,30052,37197,30052
3179,#N/A,#N/A,30052,30052,37197,30052
3180,#N/A,#N/A,30052,30052,37197,30052
3189,#N/A,#N/A,30052,30052,37197,30052
3205,#N/A,#N/A,30052,30052,37197,30052
3232,#N/A,#N/A,30052,30052,37197,30052
3235,#N/A,#N/A,30052,30052,37197,30052
3246,#N/A,#N/A,30052,30052,37197,30052
3257,#N/A,#N/A,30052,30052,37197,30052
3283,#N/A,#N/A,30052,30052,37197,30052
3292,#N/A,#N/A,30052,30052,37197,30052
3304,#N/A,#N/A,30052,30052,37197,30052
3330,#N/A,#N/A,30052,30052,37197,30052
3355,#N/A,#N/A,30052,30052,37197,30052
3386,#N/A,#N/A,30052,30052,37197,30052
3389,#N/A,#N/A,30052,30052,37197,30052
3399,#N/A,#N/A,30052,30052,37197,30052
3400,#N/A,#N/A,30052,30052,37197,30052
3401,#N/A,#N/A,30052,30052,37197,30052
3402,#N/A,#N/A,30052,30052,37197,30052
3446,#N/A,#N/A,30052,30052,37197,30052
4342,#N/A,#N/A,30052,30052,37197,30052
4356,#N/A,#N/A,30052,30052,37197,30052
4376,37198,30052,30052,30052,37197,30052
4387,37198,30052,30052,30052,37197,30052
4392,37198,30052,30052,30052,37197,30052
4490,#N/A,#N/A,30052,30052,37197,30052
4498,#N/A,#N/A,30052,30052,37197,30052
4502,#N/A,#N/A,30052,30052,37197,30052
4616,#N/A,#N/A,30052,30052,37197,30052
4619,#N/A,#N/A,30052,30052,37197,30052
4647,#N/A,#N/A,30052,30052,37197,30052
4791,#N/A,#N/A,30052,30052,37197,30052
4808,#N/A,#N/A,30052,30052,37197,30052
4817,#N/A,#N/A,30052,30052,37197,30052
4836,#N/A,#N/A,30052,30052,37197,30052
4857,#N/A,#N/A,30052,30052,37197,30052
4875,#N/A,#N/A,30052,30052,37197,30052
4894,#N/A,#N/A,30052,30052,37197,30052
4935,#N/A,#N/A,30052,30052,37197,30052
5001,#N/A,#N/A,30052,30052,37197,30052
5003,#N/A,#N/A,30052,30052,37197,30052
5061,#N/A,#N/A,30052,30052,37197,30052
5069,#N/A,#N/A,30052,30052,37197,30052
5102,#N/A,#N/A,30052,30052,37197,30052
5122,#N/A,#N/A,30052,30052,37197,30052
5145,#N/A,#N/A,30052,30052,37197,30052
5214,#N/A,#N/A,30052,30052,37197,30052
5226,#N/A,#N/A,30052,30052,37197,30052
5233,#N/A,#N/A,30052,30052,37197,30052
5234,#N/A,#N/A,30052,30052,37197,30052
5238,#N/A,#N/A,30052,30052,37197,30052
5311,#N/A,#N/A,30052,30052,37197,30052
5337,#N/A,#N/A,30052,30052,37197,30052
5346,#N/A,#N/A,30052,30052,37197,30052
5356,#N/A,#N/A,30052,30052,37197,30052
5374,#N/A,#N/A,30052,30052,37197,30052
5420,#N/A,#N/A,30052,30052,37197,30052
5424,#N/A,#N/A,30052,30052,37197,30052
5444,#N/A,#N/A,30052,30052,37197,30052
5470,#N/A,#N/A,30052,30052,37197,30052
5510,#N/A,#N/A,30052,30052,37197,30052
5511,37198,30052,30052,30052,37197,30052
5514,#N/A,#N/A,30052,30052,37197,30052
5530,#N/A,#N/A,30052,30052,37197,30052
5537,#N/A,#N/A,30052,30052,37197,30052
5560,#N/A,#N/A,30052,30052,37197,30052
5601,#N/A,#N/A,30052,30052,37197,30052
5608,#N/A,#N/A,30052,30052,37197,30052
5645,#N/A,#N/A,30052,30052,37197,30052
5649,37198,30052,30052,30052,37197,30052
5651,#N/A,#N/A,30052,30052,37197,30052
5686,#N/A,#N/A,30052,30052,37197,30052
5687,#N/A,#N/A,30052,30052,37197,30052
5708,#N/A,#N/A,30052,30052,37197,30052
5710,#N/A,#N/A,30052,30052,37197,30052
5729,#N/A,#N/A,30052,30052,37197,30052
5735,#N/A,#N/A,30052,30052,37197,30052
5857,#N/A,#N/A,30052,30052,37197,30052
5863,#N/A,#N/A,30052,30052,37197,30052
5882,37198,30052,30052,30052,37197,30052
5904,#N/A,#N/A,30052,30052,37197,30052
5942,#N/A,#N/A,30052,30052,37197,30052
5998,#N/A,#N/A,30052,30052,37197,30052
5999,#N/A,#N/A,30052,30052,37197,30052
6071,#N/A,#N/A,30052,30052,37197,30052
6093,#N/A,#N/A,30052,30052,37197,30052
6094,#N/A,#N/A,30052,30052,37197,30052
6104,37198,30052,30052,30052,37197,30052
6133,#N/A,#N/A,30052,30052,37197,30052
6147,#N/A,#N/A,30052,30052,37197,30052
6166,#N/A,#N/A,30052,30052,37197,30052
6196,#N/A,#N/A,30052,30052,37197,30052
6220,#N/A,#N/A,30052,30052,37197,30052
6224,#N/A,#N/A,30052,30052,37197,30052
6239,#N/A,#N/A,30052,30052,37197,30052
6260,#N/A,#N/A,30052,30052,37197,30052
6290,#N/A,#N/A,30052,30052,37197,30052
6335,#N/A,#N/A,30052,30052,37197,30052
6372,#N/A,#N/A,30052,30052,37197,30052
6386,#N/A,#N/A,30052,30052,37197,30052
6424,#N/A,#N/A,30052,30052,37197,30052
6485,#N/A,#N/A,30052,30052,37197,30052
6495,#N/A,#N/A,30052,30052,37197,30052
6496,#N/A,#N/A,30052,30052,37197,30052
6500,#N/A,#N/A,30052,30052,37197,30052
6511,#N/A,#N/A,30052,30052,37197,30052
6523,#N/A,#N/A,30052,30052,37197,30052
6527,#N/A,#N/A,30052,30052,37197,30052
6531,#N/A,#N/A,30052,30052,37197,30052
6575,#N/A,#N/A,30052,30052,37197,30052
6630,#N/A,#N/A,30052,30052,37197,30052
6637,#N/A,#N/A,30052,30052,37197,30052
6650,#N/A,#N/A,30052,30052,37197,30052
6664,#N/A,#N/A,30052,30052,37197,30052
6675,#N/A,#N/A,30052,30052,37197,30052
6690,37198,30052,30052,30052,37197,30052
6698,37198,30052,30052,30052,37197,30052
6706,#N/A,#N/A,30052,30052,37197,30052
6725,#N/A,#N/A,30052,30052,37197,30052
6763,#N/A,#N/A,30052,30052,37197,30052
6765,#N/A,#N/A,30052,30052,37197,30052
6774,#N/A,#N/A,30052,30052,37197,30052
6784,#N/A,#N/A,30052,30052,37197,30052
6785,#N/A,#N/A,30052,30052,37197,30052
6790,#N/A,#N/A,30052,30052,37197,30052
6802,#N/A,#N/A,30052,30052,37197,30052
6827,#N/A,30052,30052,30052,37197,30052
6835,#N/A,#N/A,30052,30052,37197,30052
6843,37198,30052,30052,30052,37197,30052
6885,#N/A,#N/A,30052,30052,37197,30052
6981,#N/A,#N/A,30052,30052,37197,30052
6999,#N/A,#N/A,30052,30052,37197,30052
57817,#N/A,#N/A,30052,30052,37197,30052
57844,#N/A,#N/A,30052,30052,37197,30052
57880,#N/A,#N/A,30052,30052,37197,30052
57881,#N/A,#N/A,30052,30052,37197,30052
57890,#N/A,#N/A,30052,30052,37197,30052
57906,#N/A,#N/A,30052,30052,37197,30052
57912,#N/A,#N/A,30052,30052,37197,30052
57917,#N/A,#N/A,30052,30052,37197,30052
57952,#N/A,#N/A,30052,30052,37197,30052
57986,#N/A,#N/A,30052,30052,37197,30052
57989,#N/A,#N/A,30052,30052,37197,30052
57991,#N/A,#N/A,30052,30052,37197,30052
57992,#N/A,#N/A,30052,30052,37197,30052
57994,#N/A,#N/A,30052,30052,37197,30052
6029,68807,68807,68807,68807,30111,68807
2004,37198,37198,30052,30052,37197,30052
2031,37198,37198,30052,30052,37197,30052
2039,37198,37198,30052,30052,37197,30052
2058,37198,37198,#N/A,#N/A,#N/A,#N/A
2065,37198,37198,#N/A,#N/A,#N/A,#N/A
2072,37198,37198,#N/A,#N/A,#N/A,#N/A
2073,37198,37198,#N/A,#N/A,#N/A,#N/A
2078,37198,37198,#N/A,#N/A,#N/A,#N/A
2082,37198,37198,#N/A,#N/A,#N/A,#N/A
2092,37198,37198,#N/A,#N/A,#N/A,#N/A
2094,37198,37198,30052,30052,37197,30052
2097,37198,37198,#N/A,#N/A,#N/A,#N/A
2101,37198,37198,#N/A,#N/A,#N/A,#N/A
2134,37198,37198,#N/A,#N/A,#N/A,#N/A
2140,37198,37198,30052,30052,37197,30052
2152,37198,37198,#N/A,#N/A,#N/A,#N/A
2161,37198,37198,#N/A,#N/A,#N/A,#N/A
2166,37198,37198,#N/A,#N/A,#N/A,#N/A
2169,37198,37198,#N/A,#N/A,#N/A,#N/A
2172,37198,37198,#N/A,#N/A,#N/A,#N/A
2174,37198,37198,#N/A,#N/A,#N/A,#N/A
2176,37198,37198,#N/A,#N/A,#N/A,#N/A
2177,37198,37198,30052,30052,37197,30052
2179,37198,37198,#N/A,#N/A,#N/A,#N/A
2190,37198,37198,#N/A,#N/A,#N/A,#N/A
2200,37198,37198,30052,30052,37197,30052
2203,37198,37198,30052,30052,37197,30052
2208,37198,37198,30052,30052,37197,30052
2209,37198,30054,#N/A,#N/A,#N/A,#N/A
2218,37198,37198,#N/A,#N/A,#N/A,#N/A
2239,37198,37198,#N/A,#N/A,#N/A,#N/A
2249,37198,37198,#N/A,#N/A,#N/A,#N/A
2253,37198,37198,30052,30052,37197,30052
2265,37198,37198,#N/A,#N/A,#N/A,#N/A
2271,37198,37198,#N/A,#N/A,#N/A,#N/A
2297,37198,37198,#N/A,#N/A,#N/A,#N/A
2299,37198,37198,#N/A,#N/A,#N/A,#N/A
2310,37198,37198,#N/A,#N/A,#N/A,#N/A
2326,37198,37198,#N/A,#N/A,#N/A,#N/A
2327,37198,37198,#N/A,#N/A,#N/A,#N/A
2329,37198,37198,#N/A,#N/A,#N/A,#N/A
2330,37198,37198,#N/A,#N/A,#N/A,#N/A
2345,37198,37198,30052,30052,37197,30052
2348,37198,37198,30052,30052,37197,30052
2357,37198,37198,#N/A,#N/A,#N/A,#N/A
2373,37198,37198,#N/A,#N/A,#N/A,#N/A
2377,37198,37198,#N/A,#N/A,#N/A,#N/A
2383,37198,30054,#N/A,#N/A,#N/A,#N/A
2391,37198,37198,#N/A,#N/A,#N/A,#N/A
2393,37198,37198,#N/A,#N/A,#N/A,#N/A
2394,37198,37198,#N/A,#N/A,#N/A,#N/A
2395,37198,37198,30052,30052,37197,30052
2422,37198,37198,30052,30052,37197,30052
2436,37198,37198,#N/A,#N/A,#N/A,#N/A
2438,37198,37198,30052,30052,37197,30052
2445,37198,37198,30052,30052,37197,30052
2450,37198,37198,30052,30052,37197,30052
2469,37198,37198,#N/A,#N/A,#N/A,#N/A
2470,37198,37198,#N/A,#N/A,#N/A,#N/A
2502,37198,37198,#N/A,#N/A,#N/A,#N/A
2506,37198,37198,#N/A,#N/A,#N/A,#N/A
2526,37198,37198,30052,30052,37197,30052
2527,37198,37198,#N/A,#N/A,#N/A,#N/A
2531,37198,37198,30052,30052,37197,30052
2535,37198,37198,30052,30052,37197,30052
2541,37198,37198,30052,30052,37197,30052
2554,37198,37198,#N/A,#N/A,#N/A,#N/A
2556,37198,37198,30052,30052,37197,30052
2568,37198,37198,#N/A,#N/A,#N/A,#N/A
2569,37198,37198,#N/A,#N/A,#N/A,#N/A
2572,37198,37198,30052,30052,37197,30052
2574,37198,37198,#N/A,#N/A,#N/A,#N/A
2577,37198,37198,30052,30052,37197,30052
2596,37198,37198,30052,30052,37197,30052
2600,37198,37198,#N/A,#N/A,#N/A,#N/A
2603,37198,37198,#N/A,#N/A,#N/A,#N/A
2618,37198,37198,#N/A,#N/A,#N/A,#N/A
2619,37198,37198,#N/A,#N/A,#N/A,#N/A
2621,37198,37198,#N/A,#N/A,#N/A,#N/A
2634,37198,37198,#N/A,#N/A,#N/A,#N/A
2639,37198,37198,#N/A,#N/A,#N/A,#N/A
2665,37198,37198,#N/A,#N/A,#N/A,#N/A
2671,37198,37198,#N/A,#N/A,#N/A,#N/A
2680,37198,37198,30052,30052,37197,30052
2684,37198,37198,#N/A,#N/A,#N/A,#N/A
2685,37198,37198,#N/A,#N/A,#N/A,#N/A
2697,37198,37198,#N/A,#N/A,#N/A,#N/A
2709,37198,37198,#N/A,#N/A,#N/A,#N/A
2720,37198,37198,#N/A,#N/A,#N/A,#N/A
2722,37198,37198,#N/A,#N/A,#N/A,#N/A
2723,37198,37198,30052,30052,37197,30052
2726,37198,37198,#N/A,#N/A,#N/A,#N/A
2727,37198,30054,#N/A,#N/A,#N/A,#N/A
2730,37198,37198,#N/A,#N/A,#N/A,#N/A
2745,37198,37198,#N/A,#N/A,#N/A,#N/A
2747,37198,37198,#N/A,#N/A,#N/A,#N/A
2748,37198,37198,#N/A,#N/A,#N/A,#N/A
2751,37198,37198,#N/A,#N/A,#N/A,#N/A
2757,37198,37198,#N/A,#N/A,#N/A,#N/A
2761,37198,30054,#N/A,#N/A,#N/A,#N/A
2775,37198,37198,#N/A,#N/A,#N/A,#N/A
2777,37198,37198,#N/A,#N/A,#N/A,#N/A
2789,37198,37198,#N/A,#N/A,#N/A,#N/A
2803,37198,37198,30052,30052,37197,30052
2805,37198,37198,#N/A,#N/A,#N/A,#N/A
2806,37198,37198,#N/A,#N/A,#N/A,#N/A
2807,37198,37198,#N/A,#N/A,#N/A,#N/A
2821,37198,37198,30052,30052,37197,30052
2822,37198,37198,30052,30052,37197,30052
2826,37198,37198,#N/A,#N/A,#N/A,#N/A
2832,37198,37198,#N/A,#N/A,#N/A,#N/A
2848,37198,37198,#N/A,#N/A,#N/A,#N/A
2857,37198,37198,30052,30052,37197,30052
2860,37198,37198,30052,30052,37197,30052
2877,37198,37198,#N/A,#N/A,#N/A,#N/A
2882,37198,37198,#N/A,#N/A,#N/A,#N/A
2889,37198,37198,#N/A,#N/A,#N/A,#N/A
2902,37198,37198,30052,30052,37197,30052
2903,37198,37198,30052,30052,37197,30052
2906,37198,37198,30052,30052,37197,30052
2948,37198,37198,#N/A,#N/A,#N/A,#N/A
2955,37198,37198,#N/A,#N/A,#N/A,#N/A
2962,37198,37198,#N/A,#N/A,#N/A,#N/A
2986,37198,37198,#N/A,#N/A,#N/A,#N/A
2988,37198,37198,#N/A,#N/A,#N/A,#N/A
2998,37198,37198,#N/A,#N/A,#N/A,#N/A
3003,37198,37198,30052,30052,37197,30052
3007,37198,37198,30052,30052,37197,30052
3038,37198,37198,30052,30052,37197,30052
3060,37198,37198,#N/A,#N/A,#N/A,#N/A
3068,37198,37198,30052,30052,37197,30052
3069,37198,37198,#N/A,#N/A,#N/A,#N/A
3070,37198,37198,30052,30052,37197,30052
3078,37198,37198,30052,30052,37197,30052
3082,37198,37198,#N/A,#N/A,#N/A,#N/A
3086,37198,37198,#N/A,#N/A,#N/A,#N/A
3093,37198,37198,#N/A,#N/A,#N/A,#N/A
3105,37198,37198,#N/A,#N/A,#N/A,#N/A
3107,37198,37198,#N/A,#N/A,#N/A,#N/A
3112,37198,37198,30052,30052,37197,30052
3116,37198,37198,30052,30052,37197,30052
3120,37198,37198,#N/A,#N/A,#N/A,#N/A
3130,37198,37198,#N/A,#N/A,#N/A,#N/A
3131,37198,37198,#N/A,#N/A,#N/A,#N/A
3137,37198,37198,30052,30052,37197,30052
3148,37198,37198,30052,30052,37197,30052
3156,37198,37198,#N/A,#N/A,#N/A,#N/A
3177,37198,37198,#N/A,#N/A,#N/A,#N/A
3179,37198,37198,30052,30052,37197,30052
3180,37198,37198,30052,30052,37197,37197
3189,37198,37198,30052,30052,37197,30052
3205,37198,37198,30052,30052,37197,30052
3215,37198,37198,#N/A,#N/A,#N/A,#N/A
3222,37198,37198,#N/A,#N/A,#N/A,#N/A
3232,37198,37198,30052,30052,37197,30052
3234,37198,37198,#N/A,#N/A,#N/A,#N/A
3236,37198,37198,#N/A,#N/A,#N/A,#N/A
3240,37198,37198,#N/A,#N/A,#N/A,#N/A
3245,37198,37198,#N/A,#N/A,#N/A,#N/A
3246,37198,37198,30052,30052,37197,30052
3252,37198,37198,#N/A,#N/A,#N/A,#N/A
3256,37198,37198,#N/A,#N/A,#N/A,#N/A
3257,37198,37198,30052,30052,37197,30052
3264,37198,37198,#N/A,#N/A,#N/A,#N/A
3273,37198,37198,#N/A,#N/A,#N/A,#N/A
3283,37198,37198,30052,30052,37197,30052
3291,37198,37198,#N/A,#N/A,#N/A,#N/A
3300,37198,37198,30052,30052,37197,30052
3301,37198,37198,#N/A,#N/A,#N/A,#N/A
3304,37198,37198,30052,30052,37197,30052
3305,37198,37198,#N/A,#N/A,#N/A,#N/A
3317,37198,37198,#N/A,#N/A,#N/A,#N/A
3320,37198,37198,#N/A,#N/A,#N/A,#N/A
3322,37198,37198,#N/A,#N/A,#N/A,#N/A
3329,37198,37198,#N/A,#N/A,#N/A,#N/A
3330,37198,37198,30052,30052,37197,30052
3331,37198,37198,#N/A,#N/A,#N/A,#N/A
3332,37198,37198,#N/A,#N/A,#N/A,#N/A
3349,37198,37198,#N/A,#N/A,#N/A,#N/A
3352,37198,37198,#N/A,#N/A,#N/A,#N/A
3355,37198,30052,30052,30052,37197,30052
3356,37198,37198,#N/A,#N/A,#N/A,#N/A
3359,37198,37198,#N/A,#N/A,#N/A,#N/A
3361,37198,37198,#N/A,#N/A,#N/A,#N/A
3366,37198,37198,#N/A,#N/A,#N/A,#N/A
3373,37198,37198,#N/A,#N/A,#N/A,#N/A
3382,37198,30054,#N/A,#N/A,#N/A,#N/A
3386,37198,37198,30052,30052,37197,30052
3400,37198,37198,30052,30052,37197,30052
3401,37198,37198,30052,30052,37197,30052
3417,37198,37198,#N/A,#N/A,#N/A,#N/A
3422,37198,37198,#N/A,#N/A,#N/A,#N/A
3445,37198,30054,#N/A,#N/A,#N/A,#N/A
3446,37198,37198,30052,30052,37197,30052
3448,37198,37198,#N/A,#N/A,#N/A,#N/A
3474,37198,37198,#N/A,#N/A,#N/A,#N/A
3477,37198,30054,#N/A,#N/A,#N/A,#N/A
3482,37198,37198,#N/A,#N/A,#N/A,#N/A
3483,37198,37198,#N/A,#N/A,#N/A,#N/A
3490,37198,37198,#N/A,#N/A,#N/A,#N/A
4337,37198,37198,#N/A,#N/A,#N/A,#N/A
4351,37198,37198,#N/A,#N/A,#N/A,#N/A
4359,37198,37198,#N/A,#N/A,#N/A,#N/A
4371,37198,37198,#N/A,#N/A,#N/A,#N/A
4376,37198,30052,30052,30052,37197,30052
4381,37198,37198,#N/A,#N/A,#N/A,#N/A
4387,37198,30052,30052,30052,37197,30052
4389,37198,37198,#N/A,#N/A,#N/A,#N/A
4392,37198,30052,30052,30052,37197,30052
4394,37198,37198,#N/A,#N/A,#N/A,#N/A
4396,37198,37198,#N/A,#N/A,#N/A,#N/A
4400,37198,37198,#N/A,#N/A,#N/A,#N/A
4436,37198,37198,#N/A,#N/A,#N/A,#N/A
4457,37198,30054,#N/A,#N/A,#N/A,#N/A
4474,37198,37198,#N/A,#N/A,#N/A,#N/A
4483,37198,37198,#N/A,#N/A,#N/A,#N/A
4498,37198,37198,30052,30052,37197,30052
4521,37198,37198,#N/A,#N/A,#N/A,#N/A
4564,37198,37198,30052,30052,37197,30052
4577,37198,30054,#N/A,#N/A,#N/A,#N/A
4619,37198,37198,30052,30052,37197,30052
4634,37198,37198,#N/A,#N/A,#N/A,#N/A
4647,37198,37198,30052,30052,37197,30052
4808,37198,37198,30052,30052,37197,30052
4815,37198,37198,#N/A,#N/A,#N/A,#N/A
4817,37198,37198,30052,30052,37197,30052
4822,37198,37198,#N/A,#N/A,#N/A,#N/A
4827,37198,37198,#N/A,#N/A,#N/A,#N/A
4828,37198,37198,#N/A,#N/A,#N/A,#N/A
4830,37198,37198,#N/A,#N/A,#N/A,#N/A
4832,37198,37198,#N/A,#N/A,#N/A,#N/A
4835,37198,37198,#N/A,#N/A,#N/A,#N/A
4849,37198,37198,#N/A,#N/A,37197,30054
4851,37198,37198,#N/A,#N/A,#N/A,#N/A
4857,37198,37198,30052,30052,37197,30052
4875,37198,37198,30052,30052,37197,30052
4894,37198,37198,30052,30052,37197,30052
4901,37198,37198,#N/A,#N/A,#N/A,#N/A
4911,37198,37198,#N/A,#N/A,#N/A,#N/A
4916,37198,37198,#N/A,#N/A,#N/A,#N/A
4923,37198,37198,#N/A,#N/A,#N/A,#N/A
5001,37198,37198,30052,30052,37197,30052
5003,37198,37198,30052,30052,37197,30052
5004,37198,37198,#N/A,#N/A,#N/A,#N/A
5013,37198,37198,#N/A,#N/A,#N/A,#N/A
5042,37198,30054,#N/A,#N/A,#N/A,#N/A
5061,37198,37198,30052,30052,37197,30052
5069,37198,37198,30052,30052,37197,30052
5079,37198,30054,#N/A,#N/A,#N/A,#N/A
5084,37198,37198,#N/A,#N/A,#N/A,#N/A
5086,37198,37198,#N/A,#N/A,#N/A,#N/A
5096,37198,30054,#N/A,#N/A,#N/A,#N/A
5102,37198,37198,30052,30052,37197,30052
5116,37198,37198,#N/A,#N/A,#N/A,#N/A
5120,37198,37198,#N/A,#N/A,#N/A,#N/A
5123,37198,37198,#N/A,#N/A,#N/A,#N/A
5125,37198,37198,#N/A,#N/A,#N/A,#N/A
5130,37198,37198,#N/A,#N/A,#N/A,#N/A
5140,37198,37198,#N/A,#N/A,#N/A,#N/A
5145,37198,37198,30052,30052,37197,30052
5152,37198,37198,#N/A,#N/A,#N/A,#N/A
5157,37198,37198,#N/A,#N/A,#N/A,#N/A
5158,37198,37198,#N/A,#N/A,#N/A,#N/A
5177,37198,37198,#N/A,#N/A,#N/A,#N/A
5178,37198,37198,#N/A,#N/A,#N/A,#N/A
5191,37198,30054,#N/A,#N/A,#N/A,#N/A
5196,37198,37198,#N/A,#N/A,#N/A,#N/A
5199,37198,37198,#N/A,#N/A,#N/A,#N/A
5210,37198,37198,#N/A,#N/A,#N/A,#N/A
5215,37198,37198,#N/A,#N/A,#N/A,#N/A
5222,37198,37198,#N/A,#N/A,#N/A,#N/A
5226,37198,37198,30052,30052,37197,30052
5233,37198,37198,30052,30052,37197,30052
5234,37198,37198,30052,30052,37197,30052
5238,37198,37198,30052,30052,37197,30052
5241,37198,37198,#N/A,#N/A,#N/A,#N/A
5244,37198,30054,#N/A,#N/A,#N/A,#N/A
5260,37198,37198,#N/A,#N/A,#N/A,#N/A
5275,37198,37198,#N/A,#N/A,#N/A,#N/A
5282,37198,37198,#N/A,#N/A,#N/A,#N/A
5284,37198,37198,#N/A,#N/A,#N/A,#N/A
5295,37198,37198,#N/A,#N/A,#N/A,#N/A
5311,37198,37198,30052,30052,37197,30052
5327,37198,37198,#N/A,#N/A,#N/A,#N/A
5337,37198,37198,30052,30052,37197,30052
5342,37198,30054,#N/A,#N/A,#N/A,#N/A
5343,37198,37198,#N/A,#N/A,#N/A,#N/A
5346,37198,37198,30052,30052,37197,30052
5347,37198,30054,#N/A,#N/A,#N/A,#N/A
5356,37198,37198,30052,30052,37197,30052
5372,37198,37198,#N/A,#N/A,#N/A,#N/A
5376,37198,37198,#N/A,#N/A,#N/A,#N/A
5377,37198,37198,#N/A,#N/A,#N/A,#N/A
5380,37198,37198,#N/A,#N/A,#N/A,#N/A
5382,37198,30054,#N/A,#N/A,#N/A,#N/A
5383,37198,37198,#N/A,#N/A,#N/A,#N/A
5404,37198,37198,#N/A,#N/A,#N/A,#N/A
5408,37198,37198,#N/A,#N/A,#N/A,#N/A
5418,37198,37198,#N/A,#N/A,#N/A,#N/A
5424,37198,37198,30052,30052,37197,30052
5430,37198,37198,#N/A,#N/A,#N/A,#N/A
5432,37198,37198,#N/A,#N/A,#N/A,#N/A
5444,37198,37198,30052,30052,37197,30052
5453,37198,37198,#N/A,#N/A,#N/A,#N/A
5460,37198,37198,#N/A,#N/A,#N/A,#N/A
5465,37198,37198,#N/A,#N/A,#N/A,#N/A
5469,37198,37198,#N/A,#N/A,#N/A,#N/A
5470,37198,37198,30052,30052,37197,30052
5477,37198,30054,#N/A,#N/A,#N/A,#N/A
5481,37198,37198,#N/A,#N/A,#N/A,#N/A
5486,37198,37198,#N/A,#N/A,#N/A,#N/A
5487,37198,37198,#N/A,#N/A,#N/A,#N/A
5501,37198,37198,#N/A,#N/A,#N/A,#N/A
5508,37198,37198,#N/A,#N/A,#N/A,#N/A
5509,37198,37198,#N/A,#N/A,#N/A,#N/A
5510,37198,37198,30052,30052,37197,30052
5511,37198,30052,30052,30052,37197,30052
5513,37198,37198,#N/A,#N/A,#N/A,#N/A
5514,37198,37198,30052,30052,37197,30052
5516,37198,30054,#N/A,#N/A,#N/A,#N/A
5518,37198,37198,#N/A,#N/A,#N/A,#N/A
5530,37198,37198,30052,30052,37197,30052
5531,37198,37198,#N/A,#N/A,#N/A,#N/A
5532,37198,30054,#N/A,#N/A,#N/A,#N/A
5537,37198,37198,30052,30052,37197,30052
5539,37198,37198,#N/A,#N/A,#N/A,#N/A
5559,37198,37198,30103,30103,37197,30103
5581,37198,37198,#N/A,#N/A,#N/A,#N/A
5599,37198,37198,#N/A,#N/A,#N/A,#N/A
5600,37198,37198,#N/A,#N/A,#N/A,#N/A
5601,37198,37198,30052,30052,37197,30052
5603,37198,37198,#N/A,#N/A,#N/A,#N/A
5608,37198,37198,30052,30052,37197,30052
5611,37198,37198,#N/A,#N/A,#N/A,#N/A
5644,37198,37198,#N/A,#N/A,#N/A,#N/A
5649,37198,30052,30052,30052,37197,30052
5651,37198,37198,30052,30052,37197,30052
5685,37198,37198,#N/A,#N/A,#N/A,#N/A
5686,37198,37198,30052,30052,37197,30052
5688,37198,37198,#N/A,#N/A,#N/A,#N/A
5690,37198,30054,#N/A,#N/A,#N/A,#N/A
5692,37198,37198,#N/A,#N/A,#N/A,#N/A
5708,37198,37198,30052,30052,37197,30052
5710,37198,37198,30052,30052,37197,30052
5714,37198,37198,#N/A,#N/A,#N/A,#N/A
5727,37198,37198,#N/A,#N/A,#N/A,#N/A
5729,37198,37198,30052,30052,37197,30052
5735,37198,37198,30052,30052,37197,30052
5736,37198,37198,#N/A,#N/A,#N/A,#N/A
5777,37198,37198,#N/A,#N/A,#N/A,#N/A
5784,37198,37198,#N/A,#N/A,#N/A,#N/A
5841,37198,37198,#N/A,#N/A,#N/A,#N/A
5842,37198,37198,#N/A,#N/A,#N/A,#N/A
5857,37198,37198,30052,30052,37197,30052
5863,37198,37198,30052,30052,37197,30052
5870,37198,37198,#N/A,#N/A,#N/A,#N/A
5878,37198,37198,#N/A,#N/A,#N/A,#N/A
5882,37198,30052,30052,30052,37197,30052
5898,37198,30054,#N/A,#N/A,#N/A,#N/A
5904,37198,37198,30052,30052,37197,30052
5906,37198,37198,#N/A,#N/A,#N/A,#N/A
5907,37198,37198,#N/A,#N/A,#N/A,#N/A
5909,37198,37198,#N/A,#N/A,#N/A,#N/A
5911,37198,37198,#N/A,#N/A,#N/A,#N/A
5912,37198,37198,#N/A,#N/A,#N/A,#N/A
5915,37198,37198,#N/A,#N/A,#N/A,#N/A
5923,37198,37198,#N/A,#N/A,#N/A,#N/A
5926,37198,37198,#N/A,#N/A,#N/A,#N/A
5928,37198,37198,#N/A,#N/A,#N/A,#N/A
5932,37198,37198,#N/A,#N/A,#N/A,#N/A
5933,37198,37198,#N/A,#N/A,#N/A,#N/A
5939,37198,37198,#N/A,#N/A,#N/A,#N/A
5942,37198,37198,30052,30052,37197,30052
5944,37198,30054,#N/A,#N/A,#N/A,#N/A
5945,37198,37198,#N/A,#N/A,#N/A,#N/A
5946,37198,37198,#N/A,#N/A,#N/A,#N/A
5949,37198,37198,#N/A,#N/A,#N/A,#N/A
5953,37198,37198,#N/A,#N/A,#N/A,#N/A
5956,37198,37198,#N/A,#N/A,#N/A,#N/A
5958,37198,37198,#N/A,#N/A,#N/A,#N/A
5983,37198,37198,#N/A,#N/A,#N/A,#N/A
5989,37198,37198,#N/A,#N/A,#N/A,#N/A
5998,37198,37198,30052,30052,37197,30052
5999,37198,37198,30052,30052,37197,30052
6005,37198,37198,#N/A,#N/A,#N/A,#N/A
6009,37198,30054,#N/A,#N/A,#N/A,#N/A
6018,37198,37198,#N/A,#N/A,#N/A,#N/A
6026,37198,37198,#N/A,#N/A,#N/A,#N/A
6031,37198,37198,#N/A,#N/A,#N/A,#N/A
6033,37198,37198,#N/A,#N/A,#N/A,#N/A
6034,37198,30054,#N/A,#N/A,#N/A,#N/A
6038,37198,37198,#N/A,#N/A,#N/A,#N/A
6039,37198,37198,#N/A,#N/A,#N/A,#N/A
6041,37198,37198,#N/A,#N/A,#N/A,#N/A
6042,37198,37198,#N/A,#N/A,#N/A,#N/A
6044,37198,37198,#N/A,#N/A,#N/A,#N/A
6048,37198,30054,#N/A,#N/A,#N/A,#N/A
6057,37198,37198,#N/A,#N/A,#N/A,#N/A
6063,37198,37198,#N/A,#N/A,#N/A,#N/A
6069,37198,37198,#N/A,#N/A,#N/A,#N/A
6070,37198,30054,#N/A,#N/A,#N/A,#N/A
6075,37198,37198,#N/A,#N/A,#N/A,#N/A
6077,37198,37198,#N/A,#N/A,#N/A,#N/A
6079,37198,37198,#N/A,#N/A,#N/A,#N/A
6093,37198,37198,30052,30052,37197,30052
6094,37198,37198,30052,30052,37197,30052
6101,37198,37198,#N/A,#N/A,#N/A,#N/A
6104,37198,30052,30052,30052,37197,30052
6105,37198,37198,#N/A,#N/A,#N/A,#N/A
6126,37198,37198,#N/A,#N/A,#N/A,#N/A
6147,37198,37198,30052,30052,37197,30052
6150,37198,37198,#N/A,#N/A,#N/A,#N/A
6162,37198,37198,#N/A,#N/A,#N/A,#N/A
6166,37198,37198,30052,30052,37197,30052
6172,37198,37198,#N/A,#N/A,#N/A,#N/A
6179,37198,37198,#N/A,#N/A,#N/A,#N/A
6196,37198,37198,30052,30052,37197,30052
6200,37198,37198,#N/A,#N/A,#N/A,#N/A
6206,37198,37198,#N/A,#N/A,#N/A,#N/A
6212,37198,37198,#N/A,#N/A,#N/A,#N/A
6217,37198,37198,#N/A,#N/A,#N/A,#N/A
6220,37198,37198,30052,30052,37197,30052
6224,37198,37198,30052,30052,37197,30052
6230,37198,37198,#N/A,#N/A,#N/A,#N/A
6231,37198,37198,#N/A,#N/A,#N/A,#N/A
6234,37198,37198,#N/A,#N/A,#N/A,#N/A
6235,37198,37198,#N/A,#N/A,#N/A,#N/A
6244,37198,37198,#N/A,#N/A,#N/A,#N/A
6248,37198,37198,#N/A,#N/A,#N/A,#N/A
6260,37198,37198,30052,30052,37197,30052
6278,37198,37198,#N/A,#N/A,#N/A,#N/A
6289,37198,37198,#N/A,#N/A,#N/A,#N/A
6290,37198,37198,30052,30052,37197,30052
6291,37198,37198,#N/A,#N/A,#N/A,#N/A
6318,37198,37198,#N/A,#N/A,#N/A,#N/A
6319,37198,37198,#N/A,#N/A,#N/A,#N/A
6335,37198,37198,30052,30052,37197,30052
6339,37198,37198,#N/A,#N/A,#N/A,#N/A
6346,37198,37198,#N/A,#N/A,#N/A,#N/A
6349,37198,37198,#N/A,#N/A,#N/A,#N/A
6363,37198,37198,#N/A,#N/A,#N/A,#N/A
6364,37198,37198,#N/A,#N/A,#N/A,#N/A
6365,37198,37198,#N/A,#N/A,#N/A,#N/A
6371,37198,37198,#N/A,#N/A,#N/A,#N/A
6372,37198,37198,30052,30052,37197,30052
6386,37198,37198,30052,30052,37197,30052
6390,37198,37198,#N/A,#N/A,#N/A,#N/A
6408,37198,37198,#N/A,#N/A,#N/A,#N/A
6413,37198,37198,#N/A,#N/A,#N/A,#N/A
6422,37198,37198,#N/A,#N/A,#N/A,#N/A
6424,37198,37198,30052,30052,37197,30052
6431,37198,37198,#N/A,#N/A,#N/A,#N/A
6434,37198,37198,#N/A,#N/A,#N/A,#N/A
6440,37198,37198,#N/A,#N/A,#N/A,#N/A
6443,37198,37198,30052,30052,37197,30052
6483,37198,37198,#N/A,#N/A,#N/A,#N/A
6485,37198,37198,30052,30052,37197,30052
6495,37198,37198,30052,30052,37197,30052
6496,37198,37198,30052,30052,37197,30052
6499,37198,37198,#N/A,#N/A,#N/A,#N/A
6500,37198,37198,30052,30052,37197,30052
6511,37198,37198,30052,30052,37197,30052
6516,37198,30054,#N/A,#N/A,#N/A,#N/A
6523,37198,37198,30052,30052,37197,30052
6527,37198,30052,30052,30052,37197,30052
6531,37198,37198,30052,30052,37197,30052
6545,37198,37198,#N/A,#N/A,#N/A,#N/A
6554,37198,37198,#N/A,#N/A,#N/A,#N/A
6555,37198,37198,#N/A,#N/A,#N/A,#N/A
6560,37198,37198,#N/A,#N/A,#N/A,#N/A
6567,37198,37198,#N/A,#N/A,#N/A,#N/A
6568,37198,37198,#N/A,#N/A,#N/A,#N/A
6575,37198,37198,30052,30052,37197,30052
6585,37198,37198,#N/A,#N/A,#N/A,#N/A
6593,37198,37198,#N/A,#N/A,#N/A,#N/A
6600,37198,37198,#N/A,#N/A,#N/A,#N/A
6601,37198,37198,#N/A,#N/A,#N/A,#N/A
6608,37198,37198,#N/A,#N/A,#N/A,#N/A
6611,37198,37198,#N/A,#N/A,#N/A,#N/A
6626,37198,37198,#N/A,#N/A,#N/A,#N/A
6629,37198,37198,#N/A,#N/A,#N/A,#N/A
6630,37198,37198,30052,30052,37197,30052
6634,37198,37198,#N/A,#N/A,#N/A,#N/A
6637,37198,37198,30052,30052,37197,30052
6639,37198,37198,#N/A,#N/A,#N/A,#N/A
6640,37198,37198,#N/A,#N/A,#N/A,#N/A
6650,37198,37198,30052,30052,37197,30052
6663,37198,37198,#N/A,#N/A,#N/A,#N/A
6665,37198,37198,#N/A,#N/A,#N/A,#N/A
6666,37198,37198,#N/A,#N/A,#N/A,#N/A
6673,37198,30054,#N/A,#N/A,#N/A,#N/A
6675,37198,37198,30052,30052,37197,30052
6690,37198,30052,30052,30052,37197,30052
6698,37198,30052,30052,30052,37197,30052
6699,37198,37198,#N/A,#N/A,#N/A,#N/A
6706,37198,37198,30052,30052,37197,30052
6709,37198,30054,#N/A,#N/A,#N/A,#N/A
6719,37198,30054,#N/A,#N/A,#N/A,#N/A
6724,37198,37198,#N/A,#N/A,#N/A,#N/A
6740,37198,37198,#N/A,#N/A,#N/A,#N/A
6765,37198,37198,30052,30052,37197,30052
6773,37198,37198,#N/A,#N/A,#N/A,#N/A
6774,37198,37198,30052,30052,37197,30052
6775,37198,30054,#N/A,#N/A,#N/A,#N/A
6776,37198,37198,#N/A,#N/A,#N/A,#N/A
6779,37198,37198,#N/A,#N/A,#N/A,#N/A
6784,37198,37198,30052,30052,37197,30052
6785,37198,37198,30052,30052,37197,30052
6787,37198,37198,#N/A,#N/A,#N/A,#N/A
6791,37198,37198,#N/A,#N/A,#N/A,#N/A
6793,37198,37198,#N/A,#N/A,#N/A,#N/A
6802,37198,37198,30052,30052,37197,30052
6803,37198,30054,#N/A,#N/A,#N/A,#N/A
6806,37198,30054,#N/A,#N/A,#N/A,#N/A
6811,37198,37198,#N/A,#N/A,#N/A,#N/A
6812,37198,37198,#N/A,#N/A,#N/A,#N/A
6814,37198,37198,#N/A,#N/A,#N/A,#N/A
6816,37198,37198,#N/A,#N/A,#N/A,#N/A
6827,37198,30052,30052,30052,37197,30052
6835,37198,37198,30052,30052,37197,30052
6843,37198,30052,30052,30052,37197,30052
6845,37198,37198,#N/A,#N/A,#N/A,#N/A
6851,37198,37198,#N/A,#N/A,#N/A,#N/A
6860,37198,37198,#N/A,#N/A,#N/A,#N/A
6885,37198,37198,30052,30052,37197,30052
6898,37198,37198,#N/A,#N/A,#N/A,#N/A
6977,37198,37198,#N/A,#N/A,#N/A,#N/A
6981,37198,37198,30052,30052,37197,30052
6982,37198,37198,#N/A,#N/A,#N/A,#N/A
6997,37198,37198,#N/A,#N/A,#N/A,#N/A
53040,37198,37198,#N/A,#N/A,30002,30002
53041,37198,37198,#N/A,#N/A,#N/A,#N/A
53053,37198,37198,#N/A,#N/A,37197,37197
57817,37198,37198,30052,30052,37197,30052
57842,37198,37198,#N/A,#N/A,#N/A,#N/A
57844,37198,37198,30052,30052,37197,30052
57846,37198,37198,#N/A,#N/A,#N/A,#N/A
57880,37198,37198,30052,30052,37197,30052
57881,37198,37198,30052,30052,37197,30052
57890,37198,37198,30052,30052,37197,30052
57903,37198,37198,#N/A,#N/A,#N/A,#N/A
57906,37198,37198,30052,30052,37197,30052
57911,37198,37198,#N/A,#N/A,#N/A,#N/A
57914,37198,37198,#N/A,#N/A,#N/A,#N/A
57917,37198,37198,30052,30052,37197,30052
57920,37198,37198,#N/A,#N/A,#N/A,#N/A
57921,37198,37198,#N/A,#N/A,#N/A,#N/A
57925,37198,37198,#N/A,#N/A,#N/A,#N/A
57941,37198,37198,#N/A,#N/A,#N/A,#N/A
57952,37198,37198,30052,30052,37197,30052
57953,37198,37198,#N/A,#N/A,#N/A,#N/A
57955,37198,37198,#N/A,#N/A,#N/A,#N/A
57960,37198,37198,#N/A,#N/A,#N/A,#N/A
57972,37198,37198,#N/A,#N/A,#N/A,#N/A
57984,37198,37198,#N/A,#N/A,#N/A,#N/A
57991,37198,37198,30052,30052,37197,30052
57992,37198,37198,30052,30052,37197,30052
57993,37198,37198,#N/A,#N/A,#N/A,#N/A
57995,37198,37198,#N/A,#N/A,#N/A,#N/A
57996,37198,37198,#N/A,#N/A,#N/A,#N/A
58001,37198,37198,#N/A,#N/A,#N/A,#N/A
58013,37198,37198,#N/A,#N/A,#N/A,#N/A
58018,37198,37198,#N/A,#N/A,#N/A,#N/A
58020,37198,37198,#N/A,#N/A,#N/A,#N/A
58022,37198,37198,#N/A,#N/A,#N/A,#N/A
6976,37198,37198,#N/A,#N/A,#N/A,#N/A
