Location Id,Depot Id,Schedule OTB with Wave,Loading Time - Fixed,Unloading Time - Fixed,Loading Time - Variable,Unloading Time - Variable,RSU Percentage Override,Balance Profile,First Balance Load Percentage
2005,30102,2,00:20:00,00:20:00,00:02:30,00:02:30,,Default,
2044,30102,2,00:55:00,00:55:00,00:00:00,00:00:00,,Default,
2170,30102,1,00:20:00,00:20:00,00:02:00,00:02:00,,Default,
2185,30102,2,00:55:00,00:55:00,00:00:00,00:00:00,,Default,
2214,30102,1,00:45:00,00:45:00,00:00:00,00:00:00,,Default,
2219,30102,1,01:20:00,01:20:00,00:00:00,00:00:00,,Default,
2257,30102,2,00:20:00,00:20:00,00:02:30,00:02:30,,Default,
2302,30102,1,00:45:00,00:45:00,00:00:00,00:00:00,,Default,
2323,30102,1,00:45:00,00:45:00,00:00:00,00:00:00,,Default,
2325,30102,2,01:00:00,01:00:00,00:00:00,00:00:00,,Default,
2328,30102,2,00:20:00,00:20:00,00:01:30,00:01:30,,Default,
2335,30102,2,00:35:00,00:35:00,00:00:00,00:00:00,,Default,
2344,30102,2,01:05:00,01:05:00,00:00:00,00:00:00,,Default,
2355,30102,2,01:00:00,01:00:00,00:00:00,00:00:00,,Default,
2366,30102,2,00:20:00,00:20:00,00:02:30,00:02:30,,Default,
2367,30102,2,00:35:00,00:35:00,00:00:00,00:00:00,,Default,
2368,30102,2,00:45:00,00:45:00,00:00:00,00:00:00,,Default,
2369,30102,2,01:05:00,01:05:00,00:00:00,00:00:00,,Default,
2372,30102,2,00:20:00,00:20:00,00:00:45,00:00:45,,Default,
2380,30102,2,00:20:00,00:20:00,00:02:30,00:02:30,,Default,
2381,30102,2,00:50:00,00:50:00,00:00:00,00:00:00,,Default,
2384,30102,2,00:20:00,00:20:00,00:02:30,00:02:30,,Default,
2386,30102,2,00:45:00,00:45:00,00:00:00,00:00:00,,Default,
2404,30102,1,00:50:00,00:50:00,00:00:00,00:00:00,,Default,
2446,30102,2,00:55:00,00:55:00,00:00:00,00:00:00,,Default,
2484,30102,2,00:50:00,00:50:00,00:00:00,00:00:00,,Default,
2501,30102,1,00:50:00,00:50:00,00:00:00,00:00:00,,Default,
2503,30102,1,00:29:00,00:29:00,00:00:00,00:00:00,,Default,
2504,30102,1,00:55:00,00:55:00,00:00:00,00:00:00,,Default,
2505,30102,2,01:00:00,01:00:00,00:00:00,00:00:00,,Default,
2515,30102,2,00:55:00,00:55:00,00:00:00,00:00:00,,Default,
2594,30102,2,00:20:00,00:20:00,00:02:30,00:02:30,,Default,
2606,30102,2,01:00:00,01:00:00,00:00:00,00:00:00,,Default,
2608,30102,2,00:45:00,00:45:00,00:00:00,00:00:00,,Default,
2611,30102,2,00:35:00,00:35:00,00:00:00,00:00:00,,Default,
2624,30102,1,01:20:00,01:20:00,00:00:00,00:00:00,,Default,
2650,30102,2,00:50:00,00:50:00,00:00:00,00:00:00,,Default,
2733,30102,1,00:20:00,00:20:00,00:01:00,00:01:00,,Default,
2770,30102,1,00:35:00,00:35:00,00:00:00,00:00:00,,Default,
2772,30102,1,01:05:00,01:05:00,00:00:00,00:00:00,,Default,
2773,30102,2,00:40:00,00:40:00,00:00:00,00:00:00,,Default,
2780,30102,2,00:35:00,00:35:00,00:00:00,00:00:00,,Default,
2785,30102,1,01:05:00,01:05:00,00:00:00,00:00:00,,Default,
2793,30102,2,00:40:00,00:40:00,00:00:00,00:00:00,,Default,
2813,30102,1,00:20:00,00:20:00,00:02:00,00:02:00,,Default,
2819,30102,2,00:20:00,00:20:00,00:01:00,00:01:00,,Default,
2820,30102,2,00:50:00,00:50:00,00:00:00,00:00:00,,Default,
2844,30102,2,00:20:00,00:20:00,00:02:30,00:02:30,,Default,
2846,30102,2,00:45:00,00:45:00,00:00:00,00:00:00,,Default,
2849,30102,2,00:55:00,00:55:00,00:00:00,00:00:00,,Default,
2850,30102,2,00:45:00,00:45:00,00:00:00,00:00:00,,Default,
2878,30102,1,01:20:00,01:20:00,00:00:00,00:00:00,,Default,
2900,30102,2,00:20:00,00:20:00,00:01:45,00:01:45,,Default,
2933,30102,2,00:45:00,00:45:00,00:00:00,00:00:00,,Default,
2949,30102,1,00:20:00,00:20:00,00:01:00,00:01:00,,Default,
2950,30102,1,00:50:00,00:50:00,00:00:00,00:00:00,,Default,
2959,30102,2,00:45:00,00:45:00,00:00:00,00:00:00,,Default,
2960,30102,2,00:20:00,00:20:00,00:01:00,00:01:00,,Default,
2964,30102,1,00:20:00,00:20:00,00:01:00,00:01:00,,Default,
2974,30102,2,00:30:00,00:30:00,00:00:00,00:00:00,,Default,
2996,30102,2,00:45:00,00:45:00,00:00:00,00:00:00,,Default,
2997,30102,2,00:50:00,00:50:00,00:00:00,00:00:00,,Default,
3073,30102,1,00:45:00,00:45:00,00:00:00,00:00:00,,Default,
3076,30102,2,00:40:00,00:40:00,00:00:00,00:00:00,,Default,
3084,30102,2,00:20:00,00:20:00,00:01:00,00:01:00,,Default,
3115,30102,2,00:35:00,00:35:00,00:00:00,00:00:00,,Default,
3125,30102,2,00:20:00,00:20:00,00:02:30,00:02:30,,Default,
3126,30102,2,00:40:00,00:40:00,00:00:00,00:00:00,,Default,
3132,30102,2,00:35:00,00:35:00,00:00:00,00:00:00,,Default,
3165,30102,1,00:40:00,00:40:00,00:00:00,00:00:00,,Default,
3188,30102,2,01:00:00,01:00:00,00:00:00,00:00:00,,Default,
3212,30102,2,00:20:00,00:20:00,00:00:45,00:00:45,,Default,
3239,30102,2,00:20:00,00:20:00,00:01:30,00:01:30,,Default,
3244,30102,2,01:20:00,01:20:00,00:00:00,00:00:00,,Default,
3247,30102,1,01:00:00,01:00:00,00:00:00,00:00:00,,Default,
3258,30102,1,00:55:00,00:55:00,00:00:00,00:00:00,,Default,
3262,30102,2,00:20:00,00:20:00,00:00:45,00:00:45,,Default,
3263,30102,2,00:50:00,00:50:00,00:00:00,00:00:00,,Default,
3265,30102,2,01:10:00,01:10:00,00:00:00,00:00:00,,Default,
3269,30102,2,00:50:00,00:50:00,00:00:00,00:00:00,,Default,
3290,30102,2,00:45:00,00:45:00,00:00:00,00:00:00,,Default,
3293,30102,1,00:20:00,00:20:00,00:00:45,00:00:45,,Default,
3297,30102,2,01:00:00,01:00:00,00:00:00,00:00:00,,Default,
3327,30102,1,00:55:00,00:55:00,00:00:00,00:00:00,,Default,
3328,30102,2,00:20:00,00:20:00,00:02:30,00:02:30,,Default,
3351,30102,1,01:05:00,01:05:00,00:00:00,00:00:00,,Default,
3370,30102,2,00:20:00,00:20:00,00:00:45,00:00:45,,Default,
3374,30102,2,00:20:00,00:20:00,00:02:30,00:02:30,,Default,
3398,30102,2,00:45:00,00:45:00,00:00:00,00:00:00,,Default,
3405,30102,2,00:35:00,00:35:00,00:00:00,00:00:00,,Default,
3430,30102,2,00:45:00,00:45:00,00:00:00,00:00:00,,Default,
3431,30102,2,00:35:00,00:35:00,00:00:00,00:00:00,,Default,
3440,30102,2,00:20:00,00:20:00,00:01:30,00:01:30,,Default,
3463,30102,2,00:20:00,00:20:00,00:03:30,00:03:30,,Default,
4357,30102,1,00:45:00,00:45:00,00:00:00,00:00:00,,Default,
4512,30102,2,00:50:00,00:50:00,00:00:00,00:00:00,,Default,
4555,30102,2,00:20:00,00:20:00,00:03:00,00:03:00,,Default,
5000,30102,2,00:45:00,00:45:00,00:00:00,00:00:00,,Default,
5014,30102,2,00:20:00,00:20:00,00:00:45,00:00:45,,Default,
5015,30102,2,01:00:00,01:00:00,00:00:00,00:00:00,,Default,
5033,30102,1,00:20:00,00:20:00,00:00:45,00:00:45,,Default,
5036,30102,2,00:40:00,00:40:00,00:00:00,00:00:00,,Default,
5049,30102,2,00:45:00,00:45:00,00:00:00,00:00:00,,Default,
5056,30102,1,00:40:00,00:40:00,00:00:00,00:00:00,,Default,
5064,30102,2,00:35:00,00:35:00,00:00:00,00:00:00,,Default,
5067,30102,2,00:45:00,00:45:00,00:00:00,00:00:00,,Default,
5074,30102,2,00:45:00,00:45:00,00:00:00,00:00:00,,Default,
5092,30102,2,00:20:00,00:20:00,00:02:30,00:02:30,,Default,
5098,30102,2,00:40:00,00:40:00,00:00:00,00:00:00,,Default,
5099,30102,2,00:50:00,00:50:00,00:00:00,00:00:00,,Default,
5114,30102,1,00:50:00,00:50:00,00:00:00,00:00:00,,Default,
5142,30102,2,00:45:00,00:45:00,00:00:00,00:00:00,,Default,
5149,30102,2,00:55:00,00:55:00,00:00:00,00:00:00,,Default,
5165,30102,2,00:50:00,00:50:00,00:00:00,00:00:00,,Default,
5168,30102,2,00:50:00,00:50:00,00:00:00,00:00:00,,Default,
5182,30102,1,00:20:00,00:20:00,00:01:00,00:01:00,,Default,
5197,30102,1,00:20:00,00:20:00,00:02:30,00:02:30,,Default,
5203,30102,2,00:55:00,00:55:00,00:00:00,00:00:00,,Default,
5207,30102,2,00:20:00,00:20:00,00:00:45,00:00:45,,Default,
5223,30102,1,01:15:00,01:15:00,00:00:00,00:00:00,,Default,
5225,30102,2,00:45:00,00:45:00,00:00:00,00:00:00,,Default,
5227,30102,1,00:45:00,00:45:00,00:00:00,00:00:00,,Default,
5228,30102,2,00:50:00,00:50:00,00:00:00,00:00:00,,Default,
5246,30102,2,00:35:00,00:35:00,00:00:00,00:00:00,,Default,
5270,30102,2,00:50:00,00:50:00,00:00:00,00:00:00,,Default,
5278,30102,2,00:55:00,00:55:00,00:00:00,00:00:00,,Default,
5318,30102,2,00:40:00,00:40:00,00:00:00,00:00:00,,Default,
5325,30102,1,00:35:00,00:35:00,00:00:00,00:00:00,,Default,
5329,30102,2,00:35:00,00:35:00,00:00:00,00:00:00,,Default,
5332,30102,2,00:45:00,00:45:00,00:00:00,00:00:00,,Default,
5338,30102,2,00:40:00,00:40:00,00:00:00,00:00:00,,Default,
5362,30102,2,00:45:00,00:45:00,00:00:00,00:00:00,,Default,
5378,30102,2,00:45:00,00:45:00,00:00:00,00:00:00,,Default,
5386,30102,2,00:50:00,00:50:00,00:00:00,00:00:00,,Default,
5392,30102,2,01:10:00,01:10:00,00:00:00,00:00:00,,Default,
5397,30102,2,00:45:00,00:45:00,00:00:00,00:00:00,,Default,
5403,30102,2,00:20:00,00:20:00,00:02:30,00:02:30,,Default,
5495,30102,2,00:40:00,00:40:00,00:00:00,00:00:00,,Default,
5498,30102,2,00:45:00,00:45:00,00:00:00,00:00:00,,Default,
5503,30102,1,01:05:00,01:05:00,00:00:00,00:00:00,,Default,
5504,30102,1,00:20:00,00:20:00,00:01:00,00:01:00,,Default,
5506,30102,2,01:10:00,01:10:00,00:00:00,00:00:00,,Default,
5549,30102,2,01:00:00,01:00:00,00:00:00,00:00:00,,Default,
5553,30102,1,01:15:00,01:15:00,00:00:00,00:00:00,,Default,
5570,30102,2,01:00:00,01:00:00,00:00:00,00:00:00,,Default,
5593,30102,1,00:55:00,00:55:00,00:00:00,00:00:00,,Default,
5607,30102,2,00:40:00,00:40:00,00:00:00,00:00:00,,Default,
5634,30102,1,00:45:00,00:45:00,00:00:00,00:00:00,,Default,
5656,30102,2,00:40:00,00:40:00,00:00:00,00:00:00,,Default,
5662,30102,2,00:45:00,00:45:00,00:00:00,00:00:00,,Default,
5667,30102,2,00:20:00,00:20:00,00:02:30,00:02:30,,Default,
5712,30102,2,00:55:00,00:55:00,00:00:00,00:00:00,,Default,
5724,30102,1,00:20:00,00:20:00,00:02:30,00:02:30,,Default,
5751,30102,2,00:20:00,00:20:00,00:01:00,00:01:00,,Default,
5779,30102,2,00:35:00,00:35:00,00:00:00,00:00:00,,Default,
5783,30102,2,00:40:00,00:40:00,00:00:00,00:00:00,,Default,
5828,30102,2,00:35:00,00:35:00,00:00:00,00:00:00,,Default,
5831,30102,2,00:45:00,00:45:00,00:00:00,00:00:00,,Default,
5839,30102,2,00:20:00,00:20:00,00:00:45,00:00:45,,Default,
5851,30102,2,01:00:00,01:00:00,00:00:00,00:00:00,,Default,
5852,30102,2,00:50:00,00:50:00,00:00:00,00:00:00,,Default,
5853,30102,1,00:50:00,00:50:00,00:00:00,00:00:00,,Default,
5854,30102,1,00:20:00,00:20:00,00:02:00,00:02:00,,Default,
5886,30102,1,01:15:00,01:15:00,00:00:00,00:00:00,,Default,
5893,30102,1,00:20:00,00:20:00,00:02:30,00:02:30,,Default,
5902,30102,1,00:20:00,00:20:00,00:02:00,00:02:00,,Default,
5913,30102,2,00:55:00,00:55:00,00:00:00,00:00:00,,Default,
5921,30102,2,00:55:00,00:55:00,00:00:00,00:00:00,,Default,
5984,30102,2,00:40:00,00:40:00,00:00:00,00:00:00,,Default,
5996,30102,2,01:05:00,01:05:00,00:00:00,00:00:00,,Default,
6006,30102,2,00:25:00,00:25:00,00:00:00,00:00:00,,Default,
6045,30102,1,01:25:00,01:25:00,00:00:00,00:00:00,,Default,
6046,30102,2,01:00:00,01:00:00,00:00:00,00:00:00,,Default,
6060,30102,2,00:20:00,00:20:00,00:02:30,00:02:30,,Default,
6065,30102,1,00:45:00,00:45:00,00:00:00,00:00:00,,Default,
6103,30102,2,00:20:00,00:20:00,00:02:30,00:02:30,,Default,
6112,30102,2,00:50:00,00:50:00,00:00:00,00:00:00,,Default,
6119,30102,2,00:45:00,00:45:00,00:00:00,00:00:00,,Default,
6135,30102,1,00:20:00,00:20:00,00:01:00,00:01:00,,Default,
6141,30102,2,00:55:00,00:55:00,00:00:00,00:00:00,,Default,
6159,30102,1,00:35:00,00:35:00,00:00:00,00:00:00,,Default,
6161,30102,2,00:45:00,00:45:00,00:00:00,00:00:00,,Default,
6178,30102,2,00:50:00,00:50:00,00:00:00,00:00:00,,Default,
6195,30102,2,00:20:00,00:20:00,00:02:30,00:02:30,,Default,
6197,30102,2,00:30:00,00:30:00,00:00:00,00:00:00,,Default,
6223,30102,1,01:30:00,01:30:00,00:00:00,00:00:00,,Default,
6226,30102,1,00:55:00,00:55:00,00:00:00,00:00:00,,Default,
6227,30102,2,00:55:00,00:55:00,00:00:00,00:00:00,,Default,
6249,30102,1,00:20:00,00:20:00,00:00:45,00:00:45,,Default,
6276,30102,2,00:50:00,00:50:00,00:00:00,00:00:00,,Default,
6299,30102,2,01:05:00,01:05:00,00:00:00,00:00:00,,Default,
6300,30102,2,00:20:00,00:20:00,00:02:30,00:02:30,,Default,
6305,30102,2,01:05:00,01:05:00,00:00:00,00:00:00,,Default,
6369,30102,2,00:35:00,00:35:00,00:00:00,00:00:00,,Default,
6388,30102,2,00:40:00,00:40:00,00:00:00,00:00:00,,Default,
6411,30102,2,00:20:00,00:20:00,00:02:30,00:02:30,,Default,
6418,30102,1,01:10:00,01:10:00,00:00:00,00:00:00,,Default,
6428,30102,2,00:20:00,00:20:00,00:02:30,00:02:30,,Default,
6441,30102,1,00:20:00,00:20:00,00:02:30,00:02:30,,Default,
6447,30102,2,00:35:00,00:35:00,00:00:00,00:00:00,,Default,
6448,30102,1,00:20:00,00:20:00,00:02:15,00:02:15,,Default,
6462,30102,2,00:20:00,00:20:00,00:00:45,00:00:45,,Default,
6463,30102,1,00:45:00,00:45:00,00:00:00,00:00:00,,Default,
6473,30102,2,00:45:00,00:45:00,00:00:00,00:00:00,,Default,
6481,30102,1,00:20:00,00:20:00,00:01:00,00:01:00,,Default,
6569,30102,1,00:55:00,00:55:00,00:00:00,00:00:00,,Default,
6570,30102,2,00:35:00,00:35:00,00:00:00,00:00:00,,Default,
6573,30102,1,00:55:00,00:55:00,00:00:00,00:00:00,,Default,
6602,30102,2,01:00:00,01:00:00,00:00:00,00:00:00,,Default,
6636,30102,2,01:15:00,01:15:00,00:00:00,00:00:00,,Default,
6638,30102,1,00:55:00,00:55:00,00:00:00,00:00:00,,Default,
6642,30102,2,00:20:00,00:20:00,00:01:00,00:01:00,,Default,
6662,30102,1,00:35:00,00:35:00,00:00:00,00:00:00,,Default,
6672,30102,1,00:55:00,00:55:00,00:00:00,00:00:00,,Default,
6678,30102,2,00:20:00,00:20:00,00:02:30,00:02:30,,Default,
6685,30102,2,00:35:00,00:35:00,00:00:00,00:00:00,,Default,
6700,30102,2,00:20:00,00:20:00,00:02:30,00:02:30,,Default,
6716,30102,2,00:55:00,00:55:00,00:00:00,00:00:00,,Default,
6722,30102,2,00:20:00,00:20:00,00:02:30,00:02:30,,Default,
6727,30102,1,01:00:00,01:00:00,00:00:00,00:00:00,,Default,
6741,30102,2,00:35:00,00:35:00,00:00:00,00:00:00,,Default,
6777,30102,2,00:20:00,00:20:00,00:02:30,00:02:30,,Default,
6782,30102,2,00:20:00,00:20:00,00:01:00,00:01:00,,Default,
6809,30102,2,00:20:00,00:20:00,00:02:30,00:02:30,,Default,
6852,30102,2,00:30:00,00:30:00,00:01:30,00:01:30,,Default,
6854,30102,2,00:20:00,00:20:00,00:02:30,00:02:30,,Default,
6857,30102,1,00:20:00,00:20:00,00:01:15,00:01:15,,Default,
6858,30102,2,00:20:00,00:20:00,00:00:45,00:00:45,,Default,
6876,30102,2,00:35:00,00:35:00,00:00:00,00:00:00,,Default,
53001,30102,1,01:00:00,01:00:00,00:00:00,00:00:00,,Default,
53005,30102,1,01:00:00,01:00:00,00:00:00,00:00:00,,Default,
53006,30102,1,01:00:00,01:00:00,00:00:00,00:00:00,,Default,
53023,30102,1,01:00:00,01:00:00,00:00:00,00:00:00,,Default,
4949,30102,1,00:20:00,00:20:00,00:00:45,00:00:45,,Default,
4936,30102,1,00:20:00,00:20:00,00:00:45,00:00:45,,Default,
4954,30102,1,00:20:00,00:20:00,00:00:45,00:00:45,,Default,
4940,30102,1,00:20:00,00:20:00,00:00:45,00:00:45,,Default,
4950,30102,1,00:20:00,00:20:00,00:00:45,00:00:45,,Default,
57866,30103,1,01:00:00,01:00:00,00:00:00,00:00:00,,Default,
57867,30103,1,01:00:00,01:00:00,00:00:00,00:00:00,,Default,
57868,30103,1,01:00:00,01:00:00,00:00:00,00:00:00,,Default,
57869,30103,1,01:00:00,01:00:00,00:00:00,00:00:00,,Default,
57902,30103,1,01:00:00,01:00:00,00:00:00,00:00:00,,Default,
57907,30103,1,01:00:00,01:00:00,00:00:00,00:00:00,,Default,
57910,30103,1,01:00:00,01:00:00,00:00:00,00:00:00,,Default,
57927,30103,1,01:00:00,01:00:00,00:00:00,00:00:00,,Default,
57930,30103,1,01:00:00,01:00:00,00:00:00,00:00:00,,Default,
57932,30103,1,01:00:00,01:00:00,00:00:00,00:00:00,,Default,
57942,30103,1,01:00:00,01:00:00,00:00:00,00:00:00,,Default,
57945,30103,1,01:00:00,01:00:00,00:00:00,00:00:00,,Default,
57948,30103,1,01:00:00,01:00:00,00:00:00,00:00:00,,Default,
57954,30103,1,01:00:00,01:00:00,00:00:00,00:00:00,,Default,
57956,30103,1,01:00:00,01:00:00,00:00:00,00:00:00,,Default,
57999,30103,1,01:00:00,01:00:00,00:00:00,00:00:00,,Default,
58008,30103,1,01:00:00,01:00:00,00:00:00,00:00:00,,Default,
4890,30102,2,00:20:00,00:20:00,00:00:45,00:00:45,,Default,
1052355,30102,0,01:00:00,01:00:00,00:00:00,00:00:00,,Default,
1162602,30103,0,00:45:00,00:45:00,00:00:00,00:00:00,,Default,
1234568,30102,0,01:00:00,01:00:00,00:00:00,00:00:00,,Default,
1234569,30102,0,00:20:00,00:20:00,00:00:45,00:00:45,,Default,
1422601,30103,0,00:45:00,00:45:00,00:00:00,00:00:00,,Default,
1423200,30103,0,00:20:00,00:20:00,00:00:15,00:00:15,,Default,
1764550,30103,0,00:45:00,00:45:00,00:00:00,00:00:00,,Default,
1910827,30102,0,01:00:00,01:00:00,00:00:00,00:00:00,,Default,
1928903,30103,0,00:45:00,00:45:00,00:00:00,00:00:00,,Default,
1928904,30103,0,00:45:00,00:45:00,00:00:00,00:00:00,,Default,
1928909,30103,0,00:45:00,00:45:00,00:00:00,00:00:00,,Default,
1928910,30103,0,00:45:00,00:45:00,00:00:00,00:00:00,,Default,
1929610,30103,0,00:45:00,00:45:00,00:00:00,00:00:00,,Default,
1929805,30103,0,00:45:00,00:45:00,00:00:00,00:00:00,,Default,
1929808,30103,0,00:45:00,00:45:00,00:00:00,00:00:00,,Default,
1929902,30103,0,00:45:00,00:45:00,00:00:00,00:00:00,,Default,
1929906,30103,0,00:45:00,00:45:00,00:00:00,00:00:00,,Default,
1929909,30103,0,00:45:00,00:45:00,00:00:00,00:00:00,,Default,
1930001,30102,0,01:00:00,01:00:00,00:00:00,00:00:00,,Default,
1930301,30103,0,00:45:00,00:45:00,00:00:00,00:00:00,,Default,
1930304,30103,0,00:45:00,00:45:00,00:00:00,00:00:00,,Default,
1930306,30103,0,00:45:00,00:45:00,00:00:00,00:00:00,,Default,
1930310,30053,0,00:45:00,00:45:00,00:00:00,00:00:00,,Default,
1930311,30103,0,00:45:00,00:45:00,00:00:00,00:00:00,,Default,
1931000,30103,0,00:45:00,00:45:00,00:00:00,00:00:00,,Default,
1931001,30103,0,00:45:00,00:45:00,00:00:00,00:00:00,,Default,
1931004,30102,0,00:45:00,00:45:00,00:00:00,00:00:00,,Default,
1931007,30102,0,00:45:00,00:45:00,00:00:00,00:00:00,,Default,
1931012,30102,0,00:45:00,00:45:00,00:00:00,00:00:00,,Default,
1931028,30102,0,00:45:00,00:45:00,00:00:00,00:00:00,,Default,
1931029,30103,0,00:45:00,00:45:00,00:00:00,00:00:00,,Default,
1931030,30103,0,00:45:00,00:45:00,00:00:00,00:00:00,,Default,
1931035,30102,0,00:45:00,00:45:00,00:00:00,00:00:00,,Default,
1931601,30103,0,00:45:00,00:45:00,00:00:00,00:00:00,,Default,
1931604,30103,0,00:45:00,00:45:00,00:00:00,00:00:00,,Default,
1931609,30103,0,00:45:00,00:45:00,00:00:00,00:00:00,,Default,
1931620,30103,0,00:45:00,00:45:00,00:00:00,00:00:00,,Default,
1931624,30103,0,00:45:00,00:45:00,00:00:00,00:00:00,,Default,
1931625,30103,0,00:45:00,00:45:00,00:00:00,00:00:00,,Default,
1931900,30103,0,00:45:00,00:45:00,00:00:00,00:00:00,,Default,
1931901,30102,0,00:45:00,00:45:00,00:00:00,00:00:00,,Default,
1931905,30103,0,00:45:00,00:45:00,00:00:00,00:00:00,,Default,
1931906,30102,0,00:45:00,00:45:00,00:00:00,00:00:00,,Default,
1931907,30103,0,00:45:00,00:45:00,00:00:00,00:00:00,,Default,
1931908,30103,0,00:45:00,00:45:00,00:00:00,00:00:00,,Default,
1931909,30103,0,00:45:00,00:45:00,00:00:00,00:00:00,,Default,
1931911,30103,0,00:45:00,00:45:00,00:00:00,00:00:00,,Default,
1931912,30103,0,00:45:00,00:45:00,00:00:00,00:00:00,,Default,
1931914,30102,0,00:45:00,00:45:00,00:00:00,00:00:00,,Default,
1931915,30103,0,00:45:00,00:45:00,00:00:00,00:00:00,,Default,
1931917,30103,0,00:45:00,00:45:00,00:00:00,00:00:00,,Default,
1931930,30102,0,00:45:00,00:45:00,00:00:00,00:00:00,,Default,
1932102,30103,0,00:45:00,00:45:00,00:00:00,00:00:00,,Default,
1932103,30103,0,00:45:00,00:45:00,00:00:00,00:00:00,,Default,
1932106,30103,0,00:45:00,00:45:00,00:00:00,00:00:00,,Default,
1932110,30103,0,00:45:00,00:45:00,00:00:00,00:00:00,,Default,
1932121,30103,0,00:45:00,00:45:00,00:00:00,00:00:00,,Default,
1932144,30103,0,00:45:00,00:45:00,00:00:00,00:00:00,,Default,
1932147,30103,0,00:45:00,00:45:00,00:00:00,00:00:00,,Default,
1932155,30103,0,00:45:00,00:45:00,00:00:00,00:00:00,,Default,
2103201,30102,0,00:20:00,00:20:00,00:00:30,00:00:30,,Default,
2336400,30103,0,00:45:00,00:45:00,00:00:00,00:00:00,,Default,
3328600,30103,0,00:45:00,00:45:00,00:00:00,00:00:00,,Default,
6126802,30103,0,00:45:00,00:45:00,00:00:00,00:00:00,,Default,
6126803,30103,0,00:45:00,00:45:00,00:00:00,00:00:00,,Default,
6126804,30103,0,00:45:00,00:45:00,00:00:00,00:00:00,,Default,
6126806,30103,0,00:45:00,00:45:00,00:00:00,00:00:00,,Default,
6126807,30103,0,00:45:00,00:45:00,00:00:00,00:00:00,,Default,
6126808,30103,0,00:45:00,00:45:00,00:00:00,00:00:00,,Default,
6126810,30103,0,00:45:00,00:45:00,00:00:00,00:00:00,,Default,
6126811,30103,0,00:45:00,00:45:00,00:00:00,00:00:00,,Default,
6126813,30103,0,00:45:00,00:45:00,00:00:00,00:00:00,,Default,
6126816,30102,0,00:45:00,00:45:00,00:00:00,00:00:00,,Default,
6126820,30103,0,00:45:00,00:45:00,00:00:00,00:00:00,,Default,
6172702,30103,0,00:45:00,00:45:00,00:00:00,00:00:00,,Default,
8880030,30053,0,01:00:00,01:00:00,00:00:00,00:00:00,,Default,
8880030,30102,0,01:00:00,01:00:00,00:00:00,00:00:00,,Default,
1234567,30103,0,01:00:00,01:00:00,00:00:00,00:00:00,,Default,
2103200,30102,0,00:45:00,00:45:00,00:00:00,00:00:00,,Default,
30103,30103,0,00:45:00,00:45:00,00:00:00,00:00:00,,Default,
30103,30102,0,00:45:00,00:45:00,00:00:00,00:00:00,,Default,
30103,30053,0,00:45:00,00:45:00,00:00:00,00:00:00,,Default,
2025,30103,2,00:20:00,00:20:00,00:00:30,00:00:30,,Default,
2030,30103,2,00:20:00,00:20:00,00:00:45,00:00:45,,Default,
2032,30103,2,00:20:00,00:20:00,00:02:45,00:02:45,,Default,
2080,30103,2,00:20:00,00:20:00,00:01:30,00:01:30,,Default,
2102,30103,2,00:20:00,00:20:00,00:00:45,00:00:45,,Default,
2111,30103,1,00:20:00,00:20:00,00:00:45,00:00:45,,Default,
2117,30103,2,00:20:00,00:20:00,00:01:00,00:01:00,,Default,
2120,30103,1,00:20:00,00:20:00,00:01:30,00:01:30,,Default,
2156,30103,2,00:20:00,00:20:00,00:00:45,00:00:45,,Default,
2163,30052,2,00:20:00,00:20:00,00:00:45,00:00:45,,Default,
2164,30103,2,00:20:00,00:20:00,00:01:00,00:01:00,,Default,
2175,30103,2,00:20:00,00:20:00,00:03:15,00:03:15,,Default,
2193,30103,1,00:20:00,00:20:00,00:01:30,00:01:30,,Default,
2194,30103,2,00:20:00,00:20:00,00:03:15,00:03:15,,Default,
2198,30103,2,01:00:00,01:00:00,00:00:00,00:00:00,,Default,
2223,30103,2,00:20:00,00:20:00,00:04:30,00:04:30,,Default,
2234,30103,2,00:20:00,00:20:00,00:03:45,00:03:45,,Default,
2266,30103,2,00:20:00,00:20:00,00:01:00,00:01:00,,Default,
2282,30103,2,00:20:00,00:20:00,00:02:30,00:02:30,,Default,
2322,30103,1,00:20:00,00:20:00,00:01:30,00:01:30,,Default,
2334,30103,2,00:20:00,00:20:00,00:03:15,00:03:15,,Default,
2339,30103,2,00:20:00,00:20:00,00:03:15,00:03:15,,Default,
2347,30103,2,00:20:00,00:20:00,00:02:45,00:02:45,,Default,
2374,30103,2,00:20:00,00:20:00,00:03:00,00:03:00,,Default,
2423,30103,2,00:20:00,00:20:00,00:01:30,00:01:30,,Default,
2447,30103,2,00:20:00,00:20:00,00:03:15,00:03:15,,Default,
2452,30103,1,00:20:00,00:20:00,00:01:15,00:01:15,,Default,
2494,30103,1,00:20:00,00:20:00,00:01:15,00:01:15,,Default,
2496,30103,2,00:55:00,00:55:00,00:00:00,00:00:00,,Default,
2509,30103,2,00:20:00,00:20:00,00:04:00,00:04:00,,Default,
2510,30103,1,01:05:00,01:05:00,00:00:00,00:00:00,,Default,
2511,30103,2,00:20:00,00:20:00,00:02:45,00:02:45,,Default,
2514,30103,2,00:20:00,00:20:00,00:03:15,00:03:15,,Default,
2516,30103,2,00:20:00,00:20:00,00:03:45,00:03:45,,Default,
2520,30103,2,00:20:00,00:20:00,00:00:15,00:00:15,,Default,
2530,30103,1,00:20:00,00:20:00,00:01:45,00:01:45,,Default,
2537,30103,1,00:55:00,00:55:00,00:00:00,00:00:00,,Default,
2552,30103,2,01:10:00,01:10:00,00:00:00,00:00:00,,Default,
2590,30103,2,00:20:00,00:20:00,00:00:45,00:00:45,,Default,
2609,30103,2,00:20:00,00:20:00,00:03:45,00:03:45,,Default,
2636,30103,2,00:20:00,00:20:00,00:01:00,00:01:00,,Default,
2644,30103,1,00:20:00,00:20:00,00:01:15,00:01:15,,Default,
2670,30103,1,00:20:00,00:20:00,00:00:45,00:00:45,,Default,
2675,30052,2,00:20:00,00:20:00,00:00:45,00:00:45,,Default,
2695,30103,2,00:20:00,00:20:00,00:01:00,00:01:00,,Default,
2696,30103,2,00:20:00,00:20:00,00:04:00,00:04:00,,Default,
2704,30103,2,00:55:00,00:55:00,00:00:00,00:00:00,,Default,
2724,30103,2,00:50:00,00:50:00,00:00:00,00:00:00,,Default,
2763,30103,2,00:40:00,00:40:00,00:00:00,00:00:00,,Default,
2782,30103,2,00:20:00,00:20:00,00:02:45,00:02:45,,Default,
2811,30103,2,00:20:00,00:20:00,00:03:15,00:03:15,,Default,
2833,30103,1,00:20:00,00:20:00,00:01:15,00:01:15,,Default,
2845,30103,1,00:20:00,00:20:00,00:01:30,00:01:30,,Default,
2924,30103,2,00:20:00,00:20:00,00:01:30,00:01:30,,Default,
2975,30103,2,01:00:00,01:00:00,00:00:00,00:00:00,,Default,
30002,30103,0,00:45:00,00:45:00,00:00:00,00:00:00,,Default,
30052,30103,0,00:45:00,00:45:00,00:00:00,00:00:00,,Default,
30054,30103,0,00:20:00,00:20:00,00:00:00,00:00:00,,Default,
30102,30102,0,00:45:00,00:45:00,00:00:00,00:00:00,,Default,
30102,30103,0,00:45:00,00:45:00,00:00:00,00:00:00,,Default,
30102,30053,0,00:45:00,00:45:00,00:00:00,00:00:00,,Default,
30110,30102,0,00:45:00,00:45:00,00:00:00,00:00:00,,Default,
30111,68807,0,00:45:00,00:45:00,00:00:00,00:00:00,,Default,
30113,30103,0,00:45:00,00:45:00,00:00:00,00:00:00,,Default,
3015,30103,1,00:20:00,00:20:00,00:01:30,00:01:30,,Default,
3025,30103,2,00:20:00,00:20:00,00:03:45,00:03:45,,Default,
3036,30103,2,00:45:00,00:45:00,00:00:00,00:00:00,,Default,
3040,30103,2,00:20:00,00:20:00,00:01:30,00:01:30,,Default,
3047,30103,2,00:20:00,00:20:00,00:00:30,00:00:30,,Default,
3048,30103,1,00:20:00,00:20:00,00:01:00,00:01:00,,Default,
3054,30103,2,00:20:00,00:20:00,00:02:30,00:02:30,,Default,
3055,30103,2,00:20:00,00:20:00,00:01:00,00:01:00,,Default,
3058,30103,2,00:55:00,00:55:00,00:00:00,00:00:00,,Default,
3075,30103,1,00:55:00,00:55:00,00:00:00,00:00:00,,Default,
3123,30103,2,00:20:00,00:20:00,00:03:00,00:03:00,,Default,
3124,30103,1,00:20:00,00:20:00,00:03:45,00:03:45,,Default,
3127,30103,2,00:20:00,00:20:00,00:02:45,00:02:45,,Default,
3133,30103,2,00:20:00,00:20:00,00:00:45,00:00:45,,Default,
3151,30103,1,00:20:00,00:20:00,00:01:30,00:01:30,,Default,
3178,30103,2,00:20:00,00:20:00,00:02:00,00:02:00,,Default,
3186,30103,2,00:20:00,00:20:00,00:00:30,00:00:30,,Default,
3190,30103,2,00:20:00,00:20:00,00:01:00,00:01:00,,Default,
3199,30103,2,00:20:00,00:20:00,00:02:45,00:02:45,,Default,
3248,30103,2,00:20:00,00:20:00,00:00:15,00:00:15,,Default,
3268,30103,2,00:20:00,00:20:00,00:03:15,00:03:15,,Default,
3278,30103,2,01:00:00,01:00:00,00:00:00,00:00:00,,Default,
3311,30103,2,00:20:00,00:20:00,00:02:00,00:02:00,,Default,
3326,30103,2,00:20:00,00:20:00,00:04:00,00:04:00,,Default,
3338,30103,2,00:20:00,00:20:00,00:02:30,00:02:30,,Default,
3376,30103,2,00:20:00,00:20:00,00:03:15,00:03:15,,Default,
3384,30103,1,00:20:00,00:20:00,00:01:30,00:01:30,,Default,
3388,30103,0,00:20:00,00:20:00,00:02:30,00:02:30,,Default,
3390,30103,1,00:20:00,00:20:00,00:00:30,00:00:30,,Default,
3391,30103,0,01:00:00,01:00:00,00:00:00,00:00:00,,Default,
34002,38111,0,01:05:00,01:05:00,00:00:00,00:00:00,,Default,
3406,30103,2,00:20:00,00:20:00,00:00:45,00:00:45,,Default,
3423,30103,1,00:50:00,00:50:00,00:00:00,00:00:00,,Default,
3425,30103,1,00:20:00,00:20:00,00:01:00,00:01:00,,Default,
3432,30103,2,00:20:00,00:20:00,00:03:15,00:03:15,,Default,
3447,30103,2,00:20:00,00:20:00,00:03:15,00:03:15,,Default,
3451,30103,2,00:20:00,00:20:00,00:04:00,00:04:00,,Default,
34512,30102,0,00:45:00,00:45:00,00:00:00,00:00:00,,Default,
34514,30103,0,00:45:00,00:45:00,00:00:00,00:00:00,,Default,
34515,30053,0,00:45:00,00:45:00,00:00:00,00:00:00,,Default,
34515,38111,0,00:45:00,00:45:00,00:00:00,00:00:00,,Default,
34517,30103,0,01:00:00,01:00:00,00:00:00,00:00:00,,Default,
34517,30053,0,01:00:00,01:00:00,00:00:00,00:00:00,,Default,
34517,30102,0,01:00:00,01:00:00,00:00:00,00:00:00,,Default,
3455,30103,2,00:20:00,00:20:00,00:03:15,00:03:15,,Default,
3460,30103,1,00:20:00,00:20:00,00:03:15,00:03:15,,Default,
3461,30103,2,01:05:00,01:05:00,00:00:00,00:00:00,,Default,
3465,30103,2,00:20:00,00:20:00,00:04:00,00:04:00,,Default,
3469,30103,2,00:20:00,00:20:00,00:03:15,00:03:15,,Default,
3493,30103,2,00:20:00,00:20:00,00:02:15,00:02:15,,Default,
35606,30103,0,00:45:00,00:45:00,00:00:00,00:00:00,,Default,
35611,68807,0,00:45:00,00:45:00,00:00:00,00:00:00,,Default,
35612,30103,0,00:45:00,00:45:00,00:00:00,00:00:00,,Default,
37197,30102,0,00:45:00,00:45:00,00:00:00,00:00:00,,Default,
37198,30103,0,00:45:00,00:45:00,00:00:00,00:00:00,,Default,
38110,30103,0,01:00:00,01:00:00,00:00:00,00:00:00,,Default,
38111,38111,0,01:00:00,01:00:00,00:00:00,00:00:00,,Default,
38111,34002,0,01:00:00,01:00:00,00:00:00,00:00:00,,Default,
38111,34515,0,01:00:00,01:00:00,00:00:00,00:00:00,,Default,
4341,30103,1,00:20:00,00:20:00,00:01:30,00:01:30,,Default,
4343,30103,2,00:40:00,00:40:00,00:00:00,00:00:00,,Default,
4380,30103,2,00:20:00,00:20:00,00:00:45,00:00:45,,Default,
4403,30103,2,00:20:00,00:20:00,00:01:45,00:01:45,,Default,
4413,30103,2,00:20:00,00:20:00,00:02:45,00:02:45,,Default,
4423,30103,2,00:20:00,00:20:00,00:01:30,00:01:30,,Default,
4432,30103,1,00:20:00,00:20:00,00:01:45,00:01:45,,Default,
4466,30103,2,00:50:00,00:50:00,00:00:00,00:00:00,,Default,
4477,30103,2,00:20:00,00:20:00,00:03:15,00:03:15,,Default,
4579,30103,2,00:20:00,00:20:00,00:00:15,00:00:15,,Default,
4611,30103,2,00:20:00,00:20:00,00:01:00,00:01:00,,Default,
4615,30103,2,00:20:00,00:20:00,00:01:00,00:01:00,,Default,
4893,30103,2,00:20:00,00:20:00,00:03:15,00:03:15,,Default,
5002,30103,2,00:20:00,00:20:00,00:03:15,00:03:15,,Default,
5007,30103,2,00:45:00,00:45:00,00:00:00,00:00:00,,Default,
5008,30103,2,00:45:00,00:45:00,00:00:00,00:00:00,,Default,
5017,30103,2,00:20:00,00:20:00,00:03:15,00:03:15,,Default,
5025,30103,2,00:50:00,00:50:00,00:00:00,00:00:00,,Default,
5027,30103,2,00:20:00,00:20:00,00:03:15,00:03:15,,Default,
5028,30103,2,01:00:00,01:00:00,00:00:00,00:00:00,,Default,
5034,30103,2,00:20:00,00:20:00,00:00:30,00:00:30,,Default,
5035,30103,2,00:20:00,00:20:00,00:01:15,00:01:15,,Default,
5044,30103,2,00:20:00,00:20:00,00:03:15,00:03:15,,Default,
5050,30103,1,00:20:00,00:20:00,00:03:45,00:03:45,,Default,
5055,30103,2,00:20:00,00:20:00,00:02:45,00:02:45,,Default,
5058,30103,1,00:20:00,00:20:00,00:02:45,00:02:45,,Default,
5062,30103,2,00:20:00,00:20:00,00:03:15,00:03:15,,Default,
5072,30103,2,00:20:00,00:20:00,00:04:45,00:04:45,,Default,
5073,30103,2,00:45:00,00:45:00,00:00:00,00:00:00,,Default,
5075,30103,2,00:20:00,00:20:00,00:00:45,00:00:45,,Default,
5089,30103,2,00:20:00,00:20:00,00:02:45,00:02:45,,Default,
5129,30103,2,00:20:00,00:20:00,00:01:15,00:01:15,,Default,
5141,30103,2,00:20:00,00:20:00,00:02:45,00:02:45,,Default,
5153,30103,2,00:20:00,00:20:00,00:03:15,00:03:15,,Default,
5155,30103,1,00:45:00,00:45:00,00:00:00,00:00:00,,Default,
5167,30103,2,00:40:00,00:40:00,00:00:00,00:00:00,,Default,
5172,30103,2,00:20:00,00:20:00,00:03:15,00:03:15,,Default,
5209,30103,2,00:20:00,00:20:00,00:01:30,00:01:30,,Default,
5213,30103,2,00:20:00,00:20:00,00:02:45,00:02:45,,Default,
5250,30103,2,00:55:00,00:55:00,00:00:00,00:00:00,,Default,
5299,30103,2,00:20:00,00:20:00,00:01:00,00:01:00,,Default,
53039,30103,1,00:20:00,00:20:00,00:00:30,00:00:30,,Default,
53041,30103,0,00:45:00,00:45:00,00:00:00,00:00:00,,Default,
53055,30103,1,00:20:00,00:20:00,00:00:30,00:00:30,,Default,
53065,30103,1,00:20:00,00:20:00,00:00:30,00:00:30,,Default,
53070,30103,1,00:20:00,00:20:00,00:00:30,00:00:30,,Default,
53071,30103,1,00:20:00,00:20:00,00:00:45,00:00:45,,Default,
5316,30103,1,00:20:00,00:20:00,00:03:15,00:03:15,,Default,
5321,30103,2,00:20:00,00:20:00,00:00:30,00:00:30,,Default,
5352,30103,2,00:50:00,00:50:00,00:00:00,00:00:00,,Default,
5370,30103,2,00:20:00,00:20:00,00:00:30,00:00:30,,Default,
5381,30103,2,00:20:00,00:20:00,00:03:15,00:03:15,,Default,
5394,30103,2,00:20:00,00:20:00,00:00:30,00:00:30,,Default,
5401,30103,2,00:20:00,00:20:00,00:04:00,00:04:00,,Default,
5434,30103,1,00:20:00,00:20:00,00:03:15,00:03:15,,Default,
5446,30103,2,00:40:00,00:40:00,00:00:00,00:00:00,,Default,
5475,30103,2,00:20:00,00:20:00,00:03:15,00:03:15,,Default,
5519,30103,1,00:55:00,00:55:00,00:00:00,00:00:00,,Default,
5533,30103,1,01:00:00,01:00:00,00:00:00,00:00:00,,Default,
5559,30103,2,01:00:00,01:00:00,00:00:00,00:00:00,,Default,
5562,30103,2,00:20:00,00:20:00,00:02:45,00:02:45,,Default,
5563,30103,2,00:20:00,00:20:00,00:03:15,00:03:15,,Default,
5567,30103,2,00:20:00,00:20:00,00:01:00,00:01:00,,Default,
5615,30103,1,00:20:00,00:20:00,00:01:45,00:01:45,,Default,
5618,30103,2,00:20:00,00:20:00,00:02:45,00:02:45,,Default,
5631,30103,1,00:20:00,00:20:00,00:02:30,00:02:30,,Default,
5661,30103,1,00:20:00,00:20:00,00:01:45,00:01:45,,Default,
5664,30103,2,00:50:00,00:50:00,00:00:00,00:00:00,,Default,
5672,30103,2,00:55:00,00:55:00,00:00:00,00:00:00,,Default,
5706,30103,2,00:20:00,00:20:00,00:02:30,00:02:30,,Default,
5725,30103,2,00:20:00,00:20:00,00:03:45,00:03:45,,Default,
5807,30103,1,01:05:00,01:05:00,00:00:00,00:00:00,,Default,
5809,30103,2,00:55:00,00:55:00,00:00:00,00:00:00,,Default,
5837,30103,1,01:00:00,01:00:00,00:00:00,00:00:00,,Default,
5862,30103,2,00:20:00,00:20:00,00:03:15,00:03:15,,Default,
5880,30103,2,00:20:00,00:20:00,00:01:30,00:01:30,,Default,
5895,30103,2,00:20:00,00:20:00,00:03:00,00:03:00,,Default,
5905,30103,1,00:50:00,00:50:00,00:00:00,00:00:00,,Default,
6002,30103,2,00:20:00,00:20:00,00:01:15,00:01:15,,Default,
6011,30103,2,01:00:00,01:00:00,00:00:00,00:00:00,,Default,
6012,30103,2,00:20:00,00:20:00,00:02:45,00:02:45,,Default,
6016,30103,2,00:20:00,00:20:00,00:02:45,00:02:45,,Default,
6056,30103,2,00:20:00,00:20:00,00:01:00,00:01:00,,Default,
6136,30103,1,00:45:00,00:45:00,00:00:00,00:00:00,,Default,
6148,30103,1,00:20:00,00:20:00,00:00:45,00:00:45,,Default,
6165,30103,2,00:20:00,00:20:00,00:01:30,00:01:30,,Default,
6189,30103,2,00:20:00,00:20:00,00:02:45,00:02:45,,Default,
6202,30103,2,00:50:00,00:50:00,00:00:00,00:00:00,,Default,
6214,30103,2,00:50:00,00:50:00,00:00:00,00:00:00,,Default,
6242,30103,2,00:55:00,00:55:00,00:00:00,00:00:00,,Default,
6255,30103,1,00:20:00,00:20:00,00:01:00,00:01:00,,Default,
6294,30103,2,00:20:00,00:20:00,00:00:45,00:00:45,,Default,
6295,30103,1,00:20:00,00:20:00,00:01:00,00:01:00,,Default,
6316,30103,1,00:50:00,00:50:00,00:00:00,00:00:00,,Default,
6399,30103,1,00:20:00,00:20:00,00:01:30,00:01:30,,Default,
6405,30103,2,01:05:00,01:05:00,00:00:00,00:00:00,,Default,
6489,30103,2,00:20:00,00:20:00,00:02:45,00:02:45,,Default,
6501,30103,2,00:20:00,00:20:00,00:02:30,00:02:30,,Default,
6533,30103,2,00:20:00,00:20:00,00:02:45,00:02:45,,Default,
6542,30103,2,00:20:00,00:20:00,00:02:45,00:02:45,,Default,
6576,30103,2,00:20:00,00:20:00,00:02:45,00:02:45,,Default,
6577,30103,2,00:20:00,00:20:00,00:02:45,00:02:45,,Default,
6589,30103,2,00:20:00,00:20:00,00:00:45,00:00:45,,Default,
6598,30103,2,00:50:00,00:50:00,00:00:00,00:00:00,,Default,
6607,30103,2,00:50:00,00:50:00,00:00:00,00:00:00,,Default,
6618,30103,2,00:20:00,00:20:00,00:02:45,00:02:45,,Default,
6655,30103,2,01:00:00,01:00:00,00:00:00,00:00:00,,Default,
6660,30103,1,00:29:00,00:29:00,00:00:00,00:00:00,,Default,
6669,30103,2,00:20:00,00:20:00,00:02:45,00:02:45,,Default,
6679,30103,2,00:20:00,00:20:00,00:00:15,00:00:15,,Default,
6681,30103,2,00:50:00,00:50:00,00:00:00,00:00:00,,Default,
6682,30103,2,00:20:00,00:20:00,00:03:45,00:03:45,,Default,
6683,30103,2,01:05:00,01:05:00,00:00:00,00:00:00,,Default,
6684,30103,2,00:50:00,00:50:00,00:00:00,00:00:00,,Default,
6687,30103,2,00:45:00,00:45:00,00:00:00,00:00:00,,Default,
6789,30103,2,00:20:00,00:20:00,00:03:15,00:03:15,,Default,
6795,30103,2,00:20:00,00:20:00,00:02:45,00:02:45,,Default,
6813,30103,2,00:20:00,00:20:00,00:02:45,00:02:45,,Default,
6830,30103,2,00:20:00,00:20:00,00:02:45,00:02:45,,Default,
6840,30103,2,00:35:00,00:35:00,00:00:00,00:00:00,,Default,
6841,30103,2,00:50:00,00:50:00,00:00:00,00:00:00,,Default,
68807,68807,0,00:45:00,00:45:00,00:00:00,00:00:00,,Default,
68807,30111,0,00:45:00,00:45:00,00:00:00,00:00:00,,Default,
68807,35611,0,00:45:00,00:45:00,00:00:00,00:00:00,,Default,
7892100,30103,0,00:20:00,00:20:00,00:00:15,00:00:15,,Default,
7892100,30053,0,00:20:00,00:20:00,00:00:15,00:00:15,,Default,
7892100,30102,0,00:20:00,00:20:00,00:00:15,00:00:15,,Default,
1929601,30103,0,00:45:00,00:45:00,00:00:00,00:00:00,,Default,
1929604,30103,0,00:45:00,00:45:00,00:00:00,00:00:00,,Default,
1929605,30053,0,00:45:00,00:45:00,00:00:00,00:00:00,,Default,
1929605,30103,0,00:45:00,00:45:00,00:00:00,00:00:00,,Default,
1929646,30103,0,00:45:00,00:45:00,00:00:00,00:00:00,,Default,
1932111,30103,0,00:45:00,00:45:00,00:00:00,00:00:00,,Default,
2313,30052,2,00:20:00,00:20:00,00:00:45,00:00:45,,Default,
3149,30103,2,00:20:00,00:20:00,00:01:30,00:01:30,,Default,
4937,30103,1,00:20:00,00:20:00,00:00:45,00:00:45,,Default,
4877,30103,1,00:20:00,00:20:00,00:03:00,00:03:00,,Default,
51019,30103,0,00:20:00,00:20:00,00:00:30,00:00:30,,Default,
2318,30052,1,00:30:00,00:30:00,00:00:00,00:00:00,,Default,
2364,30052,2,00:20:00,00:20:00,00:01:15,00:01:15,,Default,
2379,30052,2,00:20:00,00:20:00,00:01:15,00:01:15,,Default,
2683,30052,2,00:20:00,00:20:00,00:01:15,00:01:15,,Default,
2688,30052,2,00:20:00,00:20:00,00:01:15,00:01:15,,Default,
2700,30052,2,00:20:00,00:20:00,00:00:45,00:00:45,,Default,
2802,34515,1,00:20:00,00:20:00,00:02:15,00:02:15,,Default,
2812,30052,2,00:20:00,00:20:00,00:00:45,00:00:45,,Default,
2822,30052,2,00:20:00,00:20:00,00:02:15,00:02:15,,Default,
2880,34515,2,00:20:00,00:20:00,00:01:00,00:01:00,,Default,
3052,30052,1,00:25:00,00:25:00,00:00:00,00:00:00,,Default,
3385,34515,1,00:20:00,00:20:00,00:01:30,00:01:30,,Default,
3481,30052,2,00:20:00,00:20:00,00:01:15,00:01:15,,Default,
4445,34515,1,00:20:00,00:20:00,00:01:00,00:01:00,,Default,
4469,34515,2,00:20:00,00:20:00,00:00:30,00:00:30,,Default,
4614,34515,2,00:20:00,00:20:00,00:00:45,00:00:45,,Default,
5009,30052,2,00:20:00,00:20:00,00:01:15,00:01:15,,Default,
5047,30052,2,00:20:00,00:20:00,00:01:15,00:01:15,,Default,
5063,34515,2,00:20:00,00:20:00,00:02:00,00:02:00,,Default,
5161,34515,2,00:20:00,00:20:00,00:02:15,00:02:15,,Default,
5242,30052,2,00:20:00,00:20:00,00:01:15,00:01:15,,Default,
5371,30052,2,00:40:00,00:40:00,00:00:00,00:00:00,,Default,
5438,34515,2,00:20:00,00:20:00,00:01:00,00:01:00,,Default,
5442,34515,1,00:20:00,00:20:00,00:01:30,00:01:30,,Default,
5542,34515,2,00:20:00,00:20:00,00:00:15,00:00:15,,Default,
6246,34515,2,00:20:00,00:20:00,00:02:15,00:02:15,,Default,
6320,30052,2,00:30:00,00:30:00,00:00:00,00:00:00,,Default,
6321,30052,2,00:20:00,00:20:00,00:01:15,00:01:15,,Default,
6527,30052,1,00:20:00,00:20:00,00:01:15,00:01:15,,Default,
6564,34515,1,00:20:00,00:20:00,00:04:15,00:04:15,,Default,
6645,34515,1,00:20:00,00:20:00,00:00:45,00:00:45,,Default,
6647,30052,2,00:20:00,00:20:00,00:00:45,00:00:45,,Default,
6659,30052,2,00:20:00,00:20:00,00:01:15,00:01:15,,Default,
6738,30052,2,00:20:00,00:20:00,00:01:15,00:01:15,,Default,
2338,34515,2,00:20:00,00:20:00,00:02:15,00:02:15,,Default,
3381,30052,2,00:20:00,00:20:00,00:01:15,00:01:15,,Default,
5471,34515,2,00:20:00,00:20:00,00:02:00,00:02:00,,Default,
6160,34515,2,00:20:00,00:20:00,00:02:00,00:02:00,,Default,
6788,30052,2,00:20:00,00:20:00,00:01:15,00:01:15,,Default,
2966,34515,1,00:20:00,00:20:00,00:02:15,00:02:15,,Default,
2048,34515,1,00:20:00,00:20:00,00:02:30,00:02:30,,Default,
2255,34515,1,00:20:00,00:20:00,00:02:30,00:02:30,,Default,
2679,34515,1,00:20:00,00:20:00,00:01:00,00:01:00,,Default,
3316,34515,2,00:20:00,00:20:00,00:01:00,00:01:00,,Default,
6457,34515,1,00:20:00,00:20:00,00:01:00,00:01:00,,Default,
4642,30103,1,00:20:00,00:20:00,00:00:30,00:00:30,,Default,
30053,30053,0,00:45:00,00:45:00,00:00:00,00:00:00,,Default,
30053,30102,0,00:45:00,00:45:00,00:00:00,00:00:00,,Default,
30053,30103,0,00:45:00,00:45:00,00:00:00,00:00:00,,Default,
2008,30053,2,00:20:00,00:20:00,00:00:45,00:00:45,,Default,
2013,30053,1,00:50:00,00:50:00,00:00:00,00:00:00,,Default,
2017,30053,1,00:20:00,00:20:00,00:01:00,00:01:00,,Default,
2020,30053,2,00:20:00,00:20:00,00:01:00,00:01:00,,Default,
2038,30053,2,00:20:00,00:20:00,00:00:45,00:00:45,,Default,
2041,30053,2,00:20:00,00:20:00,00:01:00,00:01:00,,Default,
2043,30053,2,00:55:00,00:55:00,00:00:00,00:00:00,,Default,
2047,30053,2,00:20:00,00:20:00,00:01:00,00:01:00,,Default,
2064,30053,2,00:20:00,00:20:00,00:01:00,00:01:00,,Default,
2089,30053,1,00:20:00,00:20:00,00:02:30,00:02:30,,Default,
2115,30053,2,00:20:00,00:20:00,00:01:00,00:01:00,,Default,
2124,30053,1,00:20:00,00:20:00,00:01:00,00:01:00,,Default,
2132,30053,2,00:20:00,00:20:00,00:01:00,00:01:00,,Default,
2160,30053,2,00:20:00,00:20:00,00:01:30,00:01:30,,Default,
2162,30053,2,00:20:00,00:20:00,00:01:00,00:01:00,,Default,
2247,30053,2,00:50:00,00:50:00,00:00:00,00:00:00,,Default,
2267,30053,2,00:20:00,00:20:00,00:02:15,00:02:15,,Default,
2279,30053,2,00:20:00,00:20:00,00:00:45,00:00:45,,Default,
2305,30053,2,00:20:00,00:20:00,00:02:15,00:02:15,,Default,
2319,30053,2,00:50:00,00:50:00,00:00:00,00:00:00,,Default,
2321,30053,1,00:20:00,00:20:00,00:02:15,00:02:15,,Default,
2341,30053,2,00:20:00,00:20:00,00:02:15,00:02:15,,Default,
2385,30053,2,00:50:00,00:50:00,00:00:00,00:00:00,,Default,
2413,30053,2,00:20:00,00:20:00,00:00:45,00:00:45,,Default,
2415,30053,1,01:10:00,01:10:00,00:00:00,00:00:00,,Default,
2425,30053,2,00:20:00,00:20:00,00:01:00,00:01:00,,Default,
2454,30053,1,00:20:00,00:20:00,00:01:30,00:01:30,,Default,
2475,30053,2,00:50:00,00:50:00,00:00:00,00:00:00,,Default,
2488,30053,2,00:50:00,00:50:00,00:00:00,00:00:00,,Default,
2499,30053,2,00:20:00,00:20:00,00:02:15,00:02:15,,Default,
2518,30053,2,00:50:00,00:50:00,00:00:00,00:00:00,,Default,
2532,30053,1,00:20:00,00:20:00,00:01:00,00:01:00,,Default,
2538,30053,2,00:20:00,00:20:00,00:01:00,00:01:00,,Default,
2563,30053,2,00:20:00,00:20:00,00:02:30,00:02:30,,Default,
2564,30053,1,00:20:00,00:20:00,00:01:00,00:01:00,,Default,
2586,30053,2,00:20:00,00:20:00,00:01:30,00:01:30,,Default,
2628,30053,2,00:20:00,00:20:00,00:01:30,00:01:30,,Default,
2637,30053,1,00:20:00,00:20:00,00:02:30,00:02:30,,Default,
2640,30053,1,00:20:00,00:20:00,00:01:15,00:01:15,,Default,
2641,30053,2,00:50:00,00:50:00,00:00:00,00:00:00,,Default,
2642,30053,2,00:20:00,00:20:00,00:01:30,00:01:30,,Default,
2653,30053,1,00:20:00,00:20:00,00:00:30,00:00:30,,Default,
2657,30053,2,00:20:00,00:20:00,00:02:15,00:02:15,,Default,
2663,30053,2,00:20:00,00:20:00,00:01:30,00:01:30,,Default,
2668,30053,1,00:20:00,00:20:00,00:01:00,00:01:00,,Default,
2708,30053,1,00:40:00,00:40:00,00:00:00,00:00:00,,Default,
2713,30053,2,00:20:00,00:20:00,00:02:15,00:02:15,,Default,
2768,30053,2,00:20:00,00:20:00,00:01:45,00:01:45,,Default,
2788,30053,1,00:20:00,00:20:00,00:01:45,00:01:45,,Default,
2817,30053,2,00:50:00,00:50:00,00:00:00,00:00:00,,Default,
2825,30053,2,00:20:00,00:20:00,00:01:00,00:01:00,,Default,
2843,30053,1,00:20:00,00:20:00,00:02:15,00:02:15,,Default,
2847,30053,1,01:15:00,01:15:00,00:00:00,00:00:00,,Default,
2853,30053,1,00:55:00,00:55:00,00:00:00,00:00:00,,Default,
2869,30053,1,00:20:00,00:20:00,00:01:45,00:01:45,,Default,
2919,30053,2,00:20:00,00:20:00,00:00:45,00:00:45,,Default,
2927,30053,1,00:20:00,00:20:00,00:02:30,00:02:30,,Default,
2972,30053,2,00:20:00,00:20:00,00:02:15,00:02:15,,Default,
2990,30053,2,00:20:00,00:20:00,00:01:45,00:01:45,,Default,
2994,30053,2,00:20:00,00:20:00,00:01:00,00:01:00,,Default,
3020,30053,1,00:20:00,00:20:00,00:02:30,00:02:30,,Default,
3030,30053,2,00:20:00,00:20:00,00:01:30,00:01:30,,Default,
3045,30053,2,00:20:00,00:20:00,00:00:45,00:00:45,,Default,
3062,30053,2,00:20:00,00:20:00,00:02:15,00:02:15,,Default,
3080,30053,2,00:50:00,00:50:00,00:00:00,00:00:00,,Default,
3083,30053,2,00:50:00,00:50:00,00:00:00,00:00:00,,Default,
3095,30053,2,00:20:00,00:20:00,00:01:00,00:01:00,,Default,
3097,30053,1,00:20:00,00:20:00,00:01:45,00:01:45,,Default,
3099,30053,1,00:20:00,00:20:00,00:01:00,00:01:00,,Default,
3102,30053,2,01:15:00,01:15:00,00:00:00,00:00:00,,Default,
3134,30053,1,00:50:00,00:50:00,00:00:00,00:00:00,,Default,
3143,30053,2,00:20:00,00:20:00,00:02:15,00:02:15,,Default,
3153,30053,2,00:20:00,00:20:00,00:02:30,00:02:30,,Default,
3195,30053,1,00:20:00,00:20:00,00:01:00,00:01:00,,Default,
3211,30053,2,00:20:00,00:20:00,00:02:30,00:02:30,,Default,
3217,30053,1,00:20:00,00:20:00,00:01:45,00:01:45,,Default,
3220,30053,2,00:20:00,00:20:00,00:01:30,00:01:30,,Default,
3230,30053,2,00:20:00,00:20:00,00:00:45,00:00:45,,Default,
3242,30053,2,00:20:00,00:20:00,00:02:15,00:02:15,,Default,
3284,30053,2,00:20:00,00:20:00,00:01:45,00:01:45,,Default,
3309,30053,2,00:20:00,00:20:00,00:01:30,00:01:30,,Default,
3312,30053,1,01:15:00,01:15:00,00:00:00,00:00:00,,Default,
3324,30053,2,00:20:00,00:20:00,00:01:00,00:01:00,,Default,
3335,30053,1,00:20:00,00:20:00,00:02:15,00:02:15,,Default,
3339,30053,2,00:20:00,00:20:00,00:02:30,00:02:30,,Default,
3343,30053,2,01:00:00,01:00:00,00:00:00,00:00:00,,Default,
3367,30053,1,00:50:00,00:50:00,00:00:00,00:00:00,,Default,
3395,30053,1,00:20:00,00:20:00,00:02:30,00:02:30,,Default,
3404,30053,2,00:20:00,00:20:00,00:01:00,00:01:00,,Default,
3411,30053,2,00:20:00,00:20:00,00:01:30,00:01:30,,Default,
3418,30053,2,00:20:00,00:20:00,00:02:30,00:02:30,,Default,
3442,30053,2,00:20:00,00:20:00,00:02:15,00:02:15,,Default,
3443,30053,2,00:20:00,00:20:00,00:02:15,00:02:15,,Default,
3450,30053,2,00:20:00,00:20:00,00:02:30,00:02:30,,Default,
3456,30053,2,00:20:00,00:20:00,00:02:30,00:02:30,,Default,
3462,30053,2,01:00:00,01:00:00,00:00:00,00:00:00,,Default,
3470,30053,2,00:20:00,00:20:00,00:00:45,00:00:45,,Default,
3485,30053,2,00:20:00,00:20:00,00:02:30,00:02:30,,Default,
4335,30053,1,01:25:00,01:25:00,00:00:00,00:00:00,,Default,
4338,30053,1,00:20:00,00:20:00,00:01:45,00:01:45,,Default,
4377,30053,2,00:20:00,00:20:00,00:01:00,00:01:00,,Default,
4395,30053,1,00:20:00,00:20:00,00:01:00,00:01:00,,Default,
4431,30053,2,00:20:00,00:20:00,00:02:15,00:02:15,,Default,
4503,30053,2,00:50:00,00:50:00,00:00:00,00:00:00,,Default,
4622,30053,1,00:50:00,00:50:00,00:00:00,00:00:00,,Default,
4626,30053,1,00:50:00,00:50:00,00:00:00,00:00:00,,Default,
5012,30053,2,00:20:00,00:20:00,00:02:30,00:02:30,,Default,
5020,30053,2,00:50:00,00:50:00,00:00:00,00:00:00,,Default,
5026,30053,1,00:20:00,00:20:00,00:02:15,00:02:15,,Default,
5045,30053,2,00:50:00,00:50:00,00:00:00,00:00:00,,Default,
5051,30053,2,00:40:00,00:40:00,00:00:00,00:00:00,,Default,
5054,30053,2,00:50:00,00:50:00,00:00:00,00:00:00,,Default,
5076,30053,2,00:20:00,00:20:00,00:00:30,00:00:30,,Default,
5088,30053,2,00:20:00,00:20:00,00:01:45,00:01:45,,Default,
5090,30053,1,01:20:00,01:20:00,00:00:00,00:00:00,,Default,
5135,30053,2,00:20:00,00:20:00,00:01:30,00:01:30,,Default,
5143,30053,1,00:50:00,00:50:00,00:00:00,00:00:00,,Default,
5224,30053,2,00:20:00,00:20:00,00:02:15,00:02:15,,Default,
5286,30053,2,01:15:00,01:15:00,00:00:00,00:00:00,,Default,
5315,30053,2,01:10:00,01:10:00,00:00:00,00:00:00,,Default,
5365,30053,2,01:15:00,01:15:00,00:00:00,00:00:00,,Default,
5384,30053,2,00:40:00,00:40:00,00:00:00,00:00:00,,Default,
5391,30053,2,00:50:00,00:50:00,00:00:00,00:00:00,,Default,
5415,30053,1,00:20:00,00:20:00,00:02:30,00:02:30,,Default,
5429,30053,2,00:55:00,00:55:00,00:00:00,00:00:00,,Default,
5461,30053,1,01:00:00,01:00:00,00:00:00,00:00:00,,Default,
5472,30053,2,00:20:00,00:20:00,00:02:15,00:02:15,,Default,
5478,30053,2,00:50:00,00:50:00,00:00:00,00:00:00,,Default,
5525,30053,2,00:50:00,00:50:00,00:00:00,00:00:00,,Default,
5527,30053,1,00:20:00,00:20:00,00:02:45,00:02:45,,Default,
5528,30053,2,00:20:00,00:20:00,00:01:00,00:01:00,,Default,
5583,30053,2,00:20:00,00:20:00,00:02:30,00:02:30,,Default,
5716,30053,1,01:00:00,01:00:00,00:00:00,00:00:00,,Default,
5746,30053,2,01:05:00,01:05:00,00:00:00,00:00:00,,Default,
5787,30053,2,00:20:00,00:20:00,00:02:30,00:02:30,,Default,
5789,30053,2,00:20:00,00:20:00,00:02:30,00:02:30,,Default,
5810,30053,2,01:00:00,01:00:00,00:00:00,00:00:00,,Default,
5812,30053,2,00:20:00,00:20:00,00:02:15,00:02:15,,Default,
5867,30053,2,01:40:00,01:40:00,00:00:00,00:00:00,,Default,
5927,30053,2,00:50:00,00:50:00,00:00:00,00:00:00,,Default,
5966,30053,2,00:20:00,00:20:00,00:02:30,00:02:30,,Default,
5971,30053,1,00:20:00,00:20:00,00:01:30,00:01:30,,Default,
6014,30053,2,01:00:00,01:00:00,00:00:00,00:00:00,,Default,
6030,30053,1,00:20:00,00:20:00,00:02:30,00:02:30,,Default,
6091,30053,2,01:30:00,01:30:00,00:00:00,00:00:00,,Default,
6092,30053,2,00:20:00,00:20:00,00:02:15,00:02:15,,Default,
6114,30053,2,00:20:00,00:20:00,00:02:15,00:02:15,,Default,
6124,30053,2,00:20:00,00:20:00,00:02:15,00:02:15,,Default,
6137,30053,2,00:50:00,00:50:00,00:00:00,00:00:00,,Default,
6139,30053,2,00:40:00,00:40:00,00:00:00,00:00:00,,Default,
6142,30053,1,00:50:00,00:50:00,00:00:00,00:00:00,,Default,
6163,30053,2,00:20:00,00:20:00,00:01:30,00:01:30,,Default,
6167,30053,2,00:40:00,00:40:00,00:00:00,00:00:00,,Default,
6170,30053,2,00:20:00,00:20:00,00:02:15,00:02:15,,Default,
6174,30053,1,01:25:00,01:25:00,00:00:00,00:00:00,,Default,
6192,30053,1,00:20:00,00:20:00,00:02:45,00:02:45,,Default,
6207,30053,1,00:20:00,00:20:00,00:04:15,00:04:15,,Default,
6219,30053,2,00:50:00,00:50:00,00:00:00,00:00:00,,Default,
6262,30053,1,01:20:00,01:20:00,00:00:00,00:00:00,,Default,
6292,30053,1,00:20:00,00:20:00,00:01:45,00:01:45,,Default,
6323,30053,2,00:50:00,00:50:00,00:00:00,00:00:00,,Default,
6331,30053,1,00:20:00,00:20:00,00:01:00,00:01:00,,Default,
6338,30053,2,01:00:00,01:00:00,00:00:00,00:00:00,,Default,
6403,30053,1,00:50:00,00:50:00,00:00:00,00:00:00,,Default,
6426,30053,2,01:15:00,01:15:00,00:00:00,00:00:00,,Default,
6446,30053,2,00:20:00,00:20:00,00:01:30,00:01:30,,Default,
6461,30053,2,00:50:00,00:50:00,00:00:00,00:00:00,,Default,
6503,30053,1,00:50:00,00:50:00,00:00:00,00:00:00,,Default,
6519,30053,2,00:55:00,00:55:00,00:00:00,00:00:00,,Default,
6532,30053,2,00:20:00,00:20:00,00:02:30,00:02:30,,Default,
6582,30053,2,01:00:00,01:00:00,00:00:00,00:00:00,,Default,
6599,30053,2,00:50:00,00:50:00,00:00:00,00:00:00,,Default,
6614,30053,1,00:55:00,00:55:00,00:00:00,00:00:00,,Default,
6616,30053,2,01:00:00,01:00:00,00:00:00,00:00:00,,Default,
6697,30053,1,00:50:00,00:50:00,00:00:00,00:00:00,,Default,
6742,30053,1,00:50:00,00:50:00,00:00:00,00:00:00,,Default,
6747,30053,2,01:15:00,01:15:00,00:00:00,00:00:00,,Default,
6748,30053,1,00:55:00,00:55:00,00:00:00,00:00:00,,Default,
6817,30053,2,01:10:00,01:10:00,00:00:00,00:00:00,,Default,
6818,30053,1,01:15:00,01:15:00,00:00:00,00:00:00,,Default,
6820,30053,2,01:55:00,01:55:00,00:00:00,00:00:00,,Default,
6832,30053,2,00:50:00,00:50:00,00:00:00,00:00:00,,Default,
6834,30053,1,00:50:00,00:50:00,00:00:00,00:00:00,,Default,
6836,30053,2,01:40:00,01:40:00,00:00:00,00:00:00,,Default,
6880,30053,2,00:50:00,00:50:00,00:00:00,00:00:00,,Default,
6897,30053,2,00:50:00,00:50:00,00:00:00,00:00:00,,Default,
6998,30053,1,00:20:00,00:20:00,00:01:45,00:01:45,,Default,
53002,30053,1,01:00:00,01:00:00,00:00:00,00:00:00,,Default,
53008,30053,1,01:00:00,01:00:00,00:00:00,00:00:00,,Default,
53015,30053,1,01:00:00,01:00:00,00:00:00,00:00:00,,Default,
53021,30053,1,01:00:00,01:00:00,00:00:00,00:00:00,,Default,
53024,30053,1,01:00:00,01:00:00,00:00:00,00:00:00,,Default,
53029,30053,1,01:00:00,01:00:00,00:00:00,00:00:00,,Default,
53031,30053,1,01:00:00,01:00:00,00:00:00,00:00:00,,Default,
53034,30053,1,01:00:00,01:00:00,00:00:00,00:00:00,,Default,
53060,30053,1,01:00:00,01:00:00,00:00:00,00:00:00,,Default,
4480,30053,2,01:00:00,01:00:00,00:00:00,00:00:00,,Default,
4541,30053,2,01:35:00,01:35:00,00:00:00,00:00:00,,Default,
53057,30053,1,01:00:00,01:00:00,00:00:00,00:00:00,,Default,
4540,30053,1,01:25:00,01:25:00,00:00:00,00:00:00,,Default,
4573,30053,2,00:20:00,00:20:00,00:01:45,00:01:45,,Default,
53062,30053,1,01:00:00,01:00:00,00:00:00,00:00:00,,Default,
53063,30053,1,01:00:00,01:00:00,00:00:00,00:00:00,,Default,
4558,30053,1,00:50:00,00:50:00,00:00:00,00:00:00,,Default,
4409,30053,1,00:20:00,00:20:00,00:04:15,00:04:15,,Default,
4933,30053,1,00:20:00,00:20:00,00:00:45,00:00:45,,Default,
4943,30053,1,00:20:00,00:20:00,00:00:45,00:00:45,,Default,
4891,30053,2,01:40:00,01:40:00,00:00:00,00:00:00,,Default,
53072,30053,1,01:00:00,01:00:00,00:00:00,00:00:00,,Default,
57815,30053,1,01:00:00,01:00:00,00:00:00,00:00:00,,Default,
53080,30053,1,01:00:00,01:00:00,00:00:00,00:00:00,,Default,
57872,30053,1,01:00:00,01:00:00,00:00:00,00:00:00,,Default,
57898,30053,1,01:00:00,01:00:00,00:00:00,00:00:00,,Default,
57905,30053,1,01:00:00,01:00:00,00:00:00,00:00:00,,Default,
57929,30053,1,01:00:00,01:00:00,00:00:00,00:00:00,,Default,
57940,30053,1,01:00:00,01:00:00,00:00:00,00:00:00,,Default,
57944,30053,1,01:00:00,01:00:00,00:00:00,00:00:00,,Default,
57988,30053,1,01:00:00,01:00:00,00:00:00,00:00:00,,Default,
58006,30053,1,01:00:00,01:00:00,00:00:00,00:00:00,,Default,
58009,30053,1,01:00:00,01:00:00,00:00:00,00:00:00,,Default,
53075,30053,1,00:20:00,00:20:00,00:00:45,00:00:45,,Default,
9999999,30103,0,01:00:00,01:00:00,00:00:00,00:00:00,,Default,
3225800,30053,0,00:45:00,00:45:00,00:00:00,00:00:00,,Default,
6126812,30053,0,00:50:00,00:50:00,00:00:00,00:00:00,,Default,
6888100,30053,0,01:00:00,01:00:00,00:00:00,00:00:00,,Default,
4826980,30053,0,00:45:00,00:45:00,00:00:00,00:00:00,,Default,
5041520,30053,0,00:20:00,00:20:00,00:00:45,00:00:45,,Default,
3145,30110,2,01:00:00,01:00:00,00:00:00,00:00:00,,Default,
2125,30053,0,00:20:00,00:20:00,00:00:15,00:00:15,,Default,
38508,30102,0,00:30:00,00:30:00,00:00:00,00:00:00,,Default,
35100,30103,0,00:45:00,00:45:00,00:00:00,00:00:00,,Default,
4460,30053,2,00:20:00,00:20:00,00:02:45,00:02:45,,Default,
6261,30053,2,00:20:00,00:20:00,00:00:45,00:00:45,,Default,
2284,30102,0,01:00:00,01:00:00,00:00:00,00:00:00,,Default,
50876,30102,1,00:45:00,00:45:00,00:00:00,00:00:00,,Default,
50877,30102,1,00:45:00,00:45:00,00:00:00,00:00:00,,Default,
50878,30102,1,00:45:00,00:45:00,00:00:00,00:00:00,,Default,
50885,30102,1,00:45:00,00:45:00,00:00:00,00:00:00,,Default,
50891,30053,1,00:45:00,00:45:00,00:00:00,00:00:00,,Default,
53012,30053,1,01:00:00,01:00:00,00:00:00,00:00:00,,Default,
53017,30053,1,01:00:00,01:00:00,00:00:00,00:00:00,,Default,
53052,30053,1,01:00:00,01:00:00,00:00:00,00:00:00,,Default,
57816,30103,1,01:00:00,01:00:00,00:00:00,00:00:00,,Default,
57840,30103,1,01:00:00,01:00:00,00:00:00,00:00:00,,Default,
57841,30103,1,01:00:00,01:00:00,00:00:00,00:00:00,,Default,
57843,30103,1,01:00:00,01:00:00,00:00:00,00:00:00,,Default,
57845,30103,1,01:00:00,01:00:00,00:00:00,00:00:00,,Default,
57864,30103,1,01:00:00,01:00:00,00:00:00,00:00:00,,Default,
57879,30103,1,01:00:00,01:00:00,00:00:00,00:00:00,,Default,
57908,30103,1,01:00:00,01:00:00,00:00:00,00:00:00,,Default,
57909,30103,1,01:00:00,01:00:00,00:00:00,00:00:00,,Default,
57918,30103,1,01:00:00,01:00:00,00:00:00,00:00:00,,Default,
57923,30103,1,01:00:00,01:00:00,00:00:00,00:00:00,,Default,
57926,30103,1,01:00:00,01:00:00,00:00:00,00:00:00,,Default,
58004,30103,1,01:00:00,01:00:00,00:00:00,00:00:00,,Default,
58011,30103,1,01:00:00,01:00:00,00:00:00,00:00:00,,Default,
53074,30053,1,01:00:00,01:00:00,00:00:00,00:00:00,,Default,
50907,30053,1,01:00:00,01:00:00,00:00:00,00:00:00,,Default,
53069,30053,1,01:00:00,01:00:00,00:00:00,00:00:00,,Default,
53073,30053,1,01:00:00,01:00:00,00:00:00,00:00:00,,Default,
53078,30053,1,01:00:00,01:00:00,00:00:00,00:00:00,,Default,
53079,30053,1,01:00:00,01:00:00,00:00:00,00:00:00,,Default,
53082,30053,1,01:00:00,01:00:00,00:00:00,00:00:00,,Default,
4854,30053,2,00:50:00,00:50:00,00:00:00,00:00:00,,Default,
2063,30053,0,00:20:00,00:20:00,00:00:15,00:00:15,,Default,
53014,30053,1,01:00:00,01:00:00,00:00:00,00:00:00,,Default,
8881000,30103,0,00:30:00,00:30:00,00:00:00,00:00:00,,Default,
storage001,30103,0,01:00:00,01:00:00,00:00:00,00:00:00,,Default,
storage003,30053,0,01:00:00,01:00:00,00:00:00,00:00:00,,Default,
53092,30053,1,01:00:00,01:00:00,00:00:00,00:00:00,,Default,
53094,30053,1,01:00:00,01:00:00,00:00:00,00:00:00,,Default,
53095,30053,1,01:00:00,01:00:00,00:00:00,00:00:00,,Default,
4804,30053,2,00:20:00,00:20:00,00:00:45,00:00:45,,Default,
4824,30053,2,00:20:00,00:20:00,00:00:45,00:00:45,,Default,
4816,30103,2,00:20:00,00:20:00,00:00:45,00:00:45,,Default,
4829,30103,2,00:20:00,00:20:00,00:00:45,00:00:45,,Default,
4783,30053,2,00:20:00,00:20:00,00:00:45,00:00:45,,Default,
4798,30102,2,00:20:00,00:20:00,00:00:45,00:00:45,,Default,
4799,30102,2,00:50:00,00:50:00,00:00:00,00:00:00,,Default,
4797,30102,2,00:20:00,00:20:00,00:02:30,00:02:30,,Default,
4846,30102,2,00:20:00,00:20:00,00:00:45,00:00:45,,Default,
4840,30102,2,00:20:00,00:20:00,00:00:45,00:00:45,,Default,
4497,30102,2,00:20:00,00:20:00,00:00:45,00:00:45,,Default,
4843,30102,2,00:20:00,00:20:00,00:00:45,00:00:45,,Default,
4831,30053,2,00:20:00,00:20:00,00:00:45,00:00:45,,Default,
53068,30053,1,00:20:00,00:20:00,00:00:45,00:00:45,,Default,
1929603,30103,0,00:20:00,00:20:00,00:00:45,00:00:45,,Default,
38510,30103,0,00:20:00,00:20:00,00:00:00,00:00:00,,Default,
1929602,30103,0,00:20:00,00:20:00,00:00:45,00:00:45,,Default,
1929600,30103,0,00:20:00,00:20:00,00:00:45,00:00:45,,Default,
62207,30053,0,00:45:00,00:45:00,00:00:00,00:00:00,,Default,
53010,30103,1,00:20:00,00:20:00,00:00:30,00:00:30,,Default,
53027,30103,1,00:20:00,00:20:00,00:00:30,00:00:30,,Default,
4838,30102,2,00:20:00,00:20:00,00:00:45,00:00:45,,Default,
4780,30053,2,01:00:00,01:00:00,00:00:00,00:00:00,,Default,
2259,30052,2,00:45:00,00:45:00,00:00:00,00:00:00,,Default,
2934,30052,2,00:20:00,00:20:00,00:02:15,00:02:15,,Default,
3295,30052,2,00:45:00,00:45:00,00:00:00,00:00:00,,Default,
3300,30052,2,00:20:00,00:20:00,00:02:30,00:02:30,,Default,
4564,30052,2,00:45:00,00:45:00,00:00:00,00:00:00,,Default,
6156,30052,2,00:45:00,00:45:00,00:00:00,00:00:00,,Default,
6443,30052,1,00:45:00,00:45:00,00:00:00,00:00:00,,Default,
6686,30052,2,00:30:00,00:30:00,00:00:00,00:00:00,,Default,
53099,30103,1,00:20:00,00:20:00,00:00:30,00:00:30,,Default,
53093,30103,1,00:20:00,00:20:00,00:00:30,00:00:30,,Default,
4888,30053,2,00:20:00,00:20:00,00:00:45,00:00:45,,Default,
53098,30103,1,00:20:00,00:20:00,00:00:30,00:00:30,,Default,
3459920,30102,0,00:45:00,00:45:00,00:00:00,00:00:00,,Default,
53051,30053,1,00:20:00,00:20:00,00:00:30,00:00:30,,Default,
53011,30053,1,01:00:00,01:00:00,00:00:00,00:00:00,,Default,
6668,30053,1,00:20:00,00:20:00,00:00:45,00:00:45,,Default,
6485,30052,1,00:20:00,00:20:00,00:00:45,00:00:45,,Default,
2304,38111,1,00:20:00,00:20:00,00:00:45,00:00:45,,Default,
2365,38111,1,00:20:00,00:20:00,00:00:00,00:00:00,,Default,
2468,38111,1,00:20:00,00:20:00,00:01:00,00:01:00,,Default,
2486,38111,2,00:20:00,00:20:00,00:02:30,00:02:30,,Default,
2522,38111,2,00:20:00,00:20:00,00:02:30,00:02:30,,Default,
2620,38111,1,00:20:00,00:20:00,00:00:45,00:00:45,,Default,
2774,38111,1,00:20:00,00:20:00,00:02:30,00:02:30,,Default,
3033,38111,2,00:20:00,00:20:00,00:02:30,00:02:30,,Default,
3072,38111,2,00:20:00,00:20:00,00:01:00,00:01:00,,Default,
3287,38111,2,00:20:00,00:20:00,00:02:30,00:02:30,,Default,
3296,38111,2,00:20:00,00:20:00,00:02:30,00:02:30,,Default,
3575,38111,2,00:20:00,00:20:00,00:02:30,00:02:30,,Default,
4369,38111,1,00:20:00,00:20:00,00:00:00,00:00:00,,Default,
4625,38111,1,00:20:00,00:20:00,00:00:45,00:00:45,,Default,
4898,38111,1,00:20:00,00:20:00,00:00:45,00:00:45,,Default,
4918,38111,1,00:20:00,00:20:00,00:02:00,00:02:00,,Default,
5256,38111,1,00:20:00,00:20:00,00:02:30,00:02:30,,Default,
5258,38111,2,00:20:00,00:20:00,00:02:30,00:02:30,,Default,
5319,38111,1,00:20:00,00:20:00,00:01:00,00:01:00,,Default,
5349,38111,1,00:29:00,00:29:00,00:00:00,00:00:00,,Default,
5534,38111,1,00:20:00,00:20:00,00:02:30,00:02:30,,Default,
5616,38111,1,00:20:00,00:20:00,00:02:30,00:02:30,,Default,
5676,38111,1,00:20:00,00:20:00,00:02:30,00:02:30,,Default,
5865,38111,1,00:20:00,00:20:00,00:02:30,00:02:30,,Default,
5884,38111,1,00:20:00,00:20:00,00:01:00,00:01:00,,Default,
5891,38111,1,00:20:00,00:20:00,00:01:30,00:01:30,,Default,
5910,38111,1,00:20:00,00:20:00,00:02:30,00:02:30,,Default,
5919,38111,1,00:20:00,00:20:00,00:02:30,00:02:30,,Default,
5920,38111,1,00:20:00,00:20:00,00:02:30,00:02:30,,Default,
6061,38111,1,00:20:00,00:20:00,00:02:30,00:02:30,,Default,
6087,38111,1,00:20:00,00:20:00,00:02:30,00:02:30,,Default,
6097,38111,1,00:20:00,00:20:00,00:02:30,00:02:30,,Default,
6107,38111,1,00:20:00,00:20:00,00:02:30,00:02:30,,Default,
6115,38111,1,00:20:00,00:20:00,00:02:30,00:02:30,,Default,
6176,38111,1,00:20:00,00:20:00,00:02:30,00:02:30,,Default,
6303,38111,1,00:20:00,00:20:00,00:02:30,00:02:30,,Default,
6304,38111,1,00:20:00,00:20:00,00:02:30,00:02:30,,Default,
6377,38111,1,00:20:00,00:20:00,00:02:30,00:02:30,,Default,
6594,38111,1,00:20:00,00:20:00,00:02:30,00:02:30,,Default,
6657,38111,1,00:20:00,00:20:00,00:02:30,00:02:30,,Default,
6842,38111,1,00:20:00,00:20:00,00:02:30,00:02:30,,Default,
6896,38111,1,00:20:00,00:20:00,00:02:30,00:02:30,,Default,
2188,68807,2,01:10:00,01:10:00,00:00:00,00:00:00,,Default,
2278,68807,2,01:40:00,01:40:00,00:00:00,00:00:00,,Default,
2371,68807,2,01:20:00,01:20:00,00:00:00,00:00:00,,Default,
2562,68807,2,00:45:00,00:45:00,00:00:00,00:00:00,,Default,
2638,68807,2,00:45:00,00:45:00,00:00:00,00:00:00,,Default,
2914,68807,2,00:20:00,00:20:00,00:02:15,00:02:15,,Default,
2915,68807,2,00:20:00,00:20:00,00:02:15,00:02:15,,Default,
2916,68807,2,01:00:00,01:00:00,00:00:00,00:00:00,,Default,
2917,68807,2,01:30:00,01:30:00,00:00:00,00:00:00,,Default,
2938,68807,2,00:20:00,00:20:00,00:01:00,00:01:00,,Default,
2968,68807,2,00:20:00,00:20:00,00:02:15,00:02:15,,Default,
2969,68807,2,01:00:00,01:00:00,00:00:00,00:00:00,,Default,
2971,68807,2,01:30:00,01:30:00,00:00:00,00:00:00,,Default,
3223,68807,2,00:50:00,00:50:00,00:00:00,00:00:00,,Default,
3255,68807,2,01:20:00,01:20:00,00:00:00,00:00:00,,Default,
3303,68807,1,00:20:00,00:20:00,00:02:15,00:02:15,,Default,
3468,68807,2,00:20:00,00:20:00,00:01:30,00:01:30,,Default,
4346,68807,1,00:20:00,00:20:00,00:02:15,00:02:15,,Default,
4347,68807,1,00:20:00,00:20:00,00:00:30,00:00:30,,Default,
4358,68807,2,00:20:00,00:20:00,00:01:30,00:01:30,,Default,
4561,68807,1,00:20:00,00:20:00,00:02:15,00:02:15,,Default,
4802,68807,1,00:20:00,00:20:00,00:00:45,00:00:45,,Default,
5021,68807,1,00:20:00,00:20:00,00:02:15,00:02:15,,Default,
5071,68807,1,00:20:00,00:20:00,00:00:45,00:00:45,,Default,
5108,68807,2,00:20:00,00:20:00,00:02:00,00:02:00,,Default,
5109,68807,2,01:10:00,01:10:00,00:00:00,00:00:00,,Default,
5185,68807,2,01:10:00,01:10:00,00:00:00,00:00:00,,Default,
5187,68807,1,00:20:00,00:20:00,00:02:15,00:02:15,,Default,
5201,68807,1,00:20:00,00:20:00,00:02:15,00:02:15,,Default,
5254,68807,2,00:20:00,00:20:00,00:02:15,00:02:15,,Default,
5274,68807,1,00:20:00,00:20:00,00:00:30,00:00:30,,Default,
5276,68807,1,00:20:00,00:20:00,00:00:30,00:00:30,,Default,
5340,68807,2,00:20:00,00:20:00,00:01:15,00:01:15,,Default,
5373,68807,1,00:20:00,00:20:00,00:00:30,00:00:30,,Default,
5395,68807,2,00:20:00,00:20:00,00:02:15,00:02:15,,Default,
5412,68807,1,00:20:00,00:20:00,00:00:30,00:00:30,,Default,
5457,68807,2,00:45:00,00:45:00,00:00:00,00:00:00,,Default,
5496,68807,1,00:20:00,00:20:00,00:00:30,00:00:30,,Default,
5596,68807,1,00:55:00,00:55:00,00:00:00,00:00:00,,Default,
5658,68807,1,00:20:00,00:20:00,00:02:15,00:02:15,,Default,
5805,68807,1,00:20:00,00:20:00,00:02:15,00:02:15,,Default,
5819,68807,2,00:20:00,00:20:00,00:02:15,00:02:15,,Default,
5847,68807,1,00:20:00,00:20:00,00:01:30,00:01:30,,Default,
5866,68807,1,00:20:00,00:20:00,00:00:15,00:00:15,,Default,
5936,68807,1,00:20:00,00:20:00,00:02:15,00:02:15,,Default,
5967,68807,1,00:20:00,00:20:00,00:01:15,00:01:15,,Default,
5970,68807,2,00:45:00,00:45:00,00:00:00,00:00:00,,Default,
6058,68807,1,00:20:00,00:20:00,00:00:30,00:00:30,,Default,
6086,68807,2,00:20:00,00:20:00,00:02:15,00:02:15,,Default,
6128,68807,2,00:45:00,00:45:00,00:00:00,00:00:00,,Default,
6168,68807,1,00:20:00,00:20:00,00:02:15,00:02:15,,Default,
6334,68807,2,00:20:00,00:20:00,00:00:15,00:00:15,,Default,
6407,68807,1,00:20:00,00:20:00,00:02:15,00:02:15,,Default,
6502,68807,1,00:20:00,00:20:00,00:01:30,00:01:30,,Default,
6513,68807,2,00:20:00,00:20:00,00:01:30,00:01:30,,Default,
6520,68807,2,00:20:00,00:20:00,00:01:30,00:01:30,,Default,
6524,68807,2,00:20:00,00:20:00,00:01:30,00:01:30,,Default,
6536,68807,2,00:20:00,00:20:00,00:01:30,00:01:30,,Default,
6597,68807,2,00:20:00,00:20:00,00:00:30,00:00:30,,Default,
6606,68807,2,00:20:00,00:20:00,00:00:30,00:00:30,,Default,
6653,68807,2,00:20:00,00:20:00,00:03:30,00:03:30,,Default,
6715,68807,1,00:20:00,00:20:00,00:02:15,00:02:15,,Default,
6761,68807,1,00:20:00,00:20:00,00:00:45,00:00:45,,Default,
6781,68807,1,00:20:00,00:20:00,00:02:15,00:02:15,,Default,
6864,68807,1,01:00:00,01:00:00,00:00:00,00:00:00,,Default,
2004,30052,2,00:45:00,00:45:00,00:00:00,00:00:00,,Default,
2031,30052,2,00:20:00,00:20:00,00:00:45,00:00:45,,Default,
2039,30052,2,00:20:00,00:20:00,00:00:45,00:00:45,,Default,
2094,30052,2,00:20:00,00:20:00,00:00:45,00:00:45,,Default,
2140,30052,1,00:45:00,00:45:00,00:00:00,00:00:00,,Default,
2143,30052,2,00:20:00,00:20:00,00:01:00,00:01:00,,Default,
2177,30052,2,00:45:00,00:45:00,00:00:00,00:00:00,,Default,
2191,30052,2,00:45:00,00:45:00,00:00:00,00:00:00,,Default,
2200,30052,2,00:20:00,00:20:00,00:00:45,00:00:45,,Default,
2203,30052,2,00:45:00,00:45:00,00:00:00,00:00:00,,Default,
2208,30052,2,00:45:00,00:45:00,00:00:00,00:00:00,,Default,
2211,30052,2,00:45:00,00:45:00,00:00:00,00:00:00,,Default,
2253,30052,2,00:20:00,00:20:00,00:01:00,00:01:00,,Default,
2270,30052,2,00:20:00,00:20:00,00:00:45,00:00:45,,Default,
2342,30052,2,00:45:00,00:45:00,00:00:00,00:00:00,,Default,
2345,30052,2,00:45:00,00:45:00,00:00:00,00:00:00,,Default,
2348,30052,2,00:45:00,00:45:00,00:00:00,00:00:00,,Default,
2395,30052,2,01:05:00,01:05:00,00:00:00,00:00:00,,Default,
2422,30052,2,00:20:00,00:20:00,00:00:45,00:00:45,,Default,
2438,30052,1,01:05:00,01:05:00,00:00:00,00:00:00,,Default,
2445,30052,2,00:20:00,00:20:00,00:00:45,00:00:45,,Default,
2449,30052,1,01:05:00,01:05:00,00:00:00,00:00:00,,Default,
2450,30052,2,00:20:00,00:20:00,00:00:45,00:00:45,,Default,
2485,30052,2,00:45:00,00:45:00,00:00:00,00:00:00,,Default,
2526,30052,2,00:20:00,00:20:00,00:00:45,00:00:45,,Default,
2531,30052,2,00:45:00,00:45:00,00:00:00,00:00:00,,Default,
2535,30052,2,00:20:00,00:20:00,00:01:00,00:01:00,,Default,
2541,30052,2,00:45:00,00:45:00,00:00:00,00:00:00,,Default,
2556,30052,2,00:20:00,00:20:00,00:00:30,00:00:30,,Default,
2560,30052,2,00:20:00,00:20:00,00:00:45,00:00:45,,Default,
2572,30052,2,00:20:00,00:20:00,00:00:45,00:00:45,,Default,
2577,30052,1,00:45:00,00:45:00,00:00:00,00:00:00,,Default,
2596,30052,2,00:45:00,00:45:00,00:00:00,00:00:00,,Default,
2680,30052,2,00:45:00,00:45:00,00:00:00,00:00:00,,Default,
2723,30052,2,00:20:00,00:20:00,00:03:15,00:03:15,,Default,
2803,30052,2,00:45:00,00:45:00,00:00:00,00:00:00,,Default,
2821,30052,2,00:20:00,00:20:00,00:00:45,00:00:45,,Default,
2857,30052,2,00:20:00,00:20:00,00:00:45,00:00:45,,Default,
2860,30052,2,00:20:00,00:20:00,00:00:45,00:00:45,,Default,
2902,30052,2,00:45:00,00:45:00,00:00:00,00:00:00,,Default,
2903,30052,2,00:20:00,00:20:00,00:02:30,00:02:30,,Default,
2906,30052,1,01:05:00,01:05:00,00:00:00,00:00:00,,Default,
2965,30052,1,00:45:00,00:45:00,00:00:00,00:00:00,,Default,
3003,30052,2,00:45:00,00:45:00,00:00:00,00:00:00,,Default,
3007,30052,2,00:20:00,00:20:00,00:00:45,00:00:45,,Default,
3038,30052,2,00:45:00,00:45:00,00:00:00,00:00:00,,Default,
3066,30052,2,00:20:00,00:20:00,00:00:45,00:00:45,,Default,
3068,30052,2,00:45:00,00:45:00,00:00:00,00:00:00,,Default,
3070,30052,2,00:45:00,00:45:00,00:00:00,00:00:00,,Default,
3077,30052,2,00:45:00,00:45:00,00:00:00,00:00:00,,Default,
3078,30052,1,00:20:00,00:20:00,00:01:45,00:01:45,,Default,
3112,30052,2,00:20:00,00:20:00,00:00:45,00:00:45,,Default,
3116,30052,2,00:45:00,00:45:00,00:00:00,00:00:00,,Default,
3137,30052,2,00:20:00,00:20:00,00:00:45,00:00:45,,Default,
3148,30052,2,00:45:00,00:45:00,00:00:00,00:00:00,,Default,
3179,30052,2,00:20:00,00:20:00,00:00:45,00:00:45,,Default,
3180,30052,2,00:20:00,00:20:00,00:00:45,00:00:45,,Default,
3189,30052,2,00:20:00,00:20:00,00:00:45,00:00:45,,Default,
3205,30052,2,00:20:00,00:20:00,00:00:45,00:00:45,,Default,
3232,30052,2,00:20:00,00:20:00,00:00:45,00:00:45,,Default,
3235,30052,2,00:20:00,00:20:00,00:00:45,00:00:45,,Default,
3246,30052,2,00:45:00,00:45:00,00:00:00,00:00:00,,Default,
3257,30052,2,00:20:00,00:20:00,00:00:45,00:00:45,,Default,
3283,30052,2,00:20:00,00:20:00,00:00:45,00:00:45,,Default,
3292,30052,2,00:45:00,00:45:00,00:00:00,00:00:00,,Default,
3304,30052,1,01:05:00,01:05:00,00:00:00,00:00:00,,Default,
3330,30052,2,00:20:00,00:20:00,00:00:45,00:00:45,,Default,
3355,30052,1,00:45:00,00:45:00,00:00:00,00:00:00,,Default,
3386,30052,2,00:45:00,00:45:00,00:00:00,00:00:00,,Default,
3389,30052,1,00:20:00,00:20:00,00:01:00,00:01:00,,Default,
3399,30052,2,01:05:00,01:05:00,00:00:00,00:00:00,,Default,
3400,30052,1,01:05:00,01:05:00,00:00:00,00:00:00,,Default,
3401,30052,2,00:20:00,00:20:00,00:00:45,00:00:45,,Default,
3402,30052,2,00:20:00,00:20:00,00:00:30,00:00:30,,Default,
3446,30052,2,00:45:00,00:45:00,00:00:00,00:00:00,,Default,
4342,30052,2,00:20:00,00:20:00,00:00:30,00:00:30,,Default,
4356,30052,2,00:45:00,00:45:00,00:00:00,00:00:00,,Default,
4376,30052,1,00:20:00,00:20:00,00:03:00,00:03:00,,Default,
4387,30052,1,00:45:00,00:45:00,00:00:00,00:00:00,,Default,
4392,30052,1,00:45:00,00:45:00,00:00:00,00:00:00,,Default,
4490,30052,1,00:45:00,00:45:00,00:00:00,00:00:00,,Default,
4498,30052,2,00:45:00,00:45:00,00:00:00,00:00:00,,Default,
4502,30052,2,00:45:00,00:45:00,00:00:00,00:00:00,,Default,
4616,30052,1,00:45:00,00:45:00,00:00:00,00:00:00,,Default,
4619,30052,1,00:45:00,00:45:00,00:00:00,00:00:00,,Default,
4647,30052,1,00:20:00,00:20:00,00:00:45,00:00:45,,Default,
4791,30052,1,00:20:00,00:20:00,00:00:45,00:00:45,,Default,
4808,30052,1,00:20:00,00:20:00,00:00:45,00:00:45,,Default,
4817,30052,1,00:20:00,00:20:00,00:01:00,00:01:00,,Default,
4836,30052,1,00:20:00,00:20:00,00:00:45,00:00:45,,Default,
4857,30052,2,00:20:00,00:20:00,00:00:45,00:00:45,,Default,
4875,30052,1,00:20:00,00:20:00,00:00:45,00:00:45,,Default,
4894,30052,1,00:45:00,00:45:00,00:00:00,00:00:00,,Default,
4935,30052,2,00:20:00,00:20:00,00:00:45,00:00:45,,Default,
5001,30052,2,00:45:00,00:45:00,00:00:00,00:00:00,,Default,
5003,30052,2,00:45:00,00:45:00,00:00:00,00:00:00,,Default,
5061,30052,1,00:20:00,00:20:00,00:00:30,00:00:30,,Default,
5069,30052,2,00:45:00,00:45:00,00:00:00,00:00:00,,Default,
5102,30052,2,00:45:00,00:45:00,00:00:00,00:00:00,,Default,
5122,30052,2,00:20:00,00:20:00,00:00:30,00:00:30,,Default,
5145,30052,2,00:45:00,00:45:00,00:00:00,00:00:00,,Default,
5214,30052,1,00:45:00,00:45:00,00:00:00,00:00:00,,Default,
5226,30052,2,00:45:00,00:45:00,00:00:00,00:00:00,,Default,
5233,30052,2,00:45:00,00:45:00,00:00:00,00:00:00,,Default,
5234,30052,2,00:45:00,00:45:00,00:00:00,00:00:00,,Default,
5238,30052,2,00:45:00,00:45:00,00:00:00,00:00:00,,Default,
5311,30052,2,00:45:00,00:45:00,00:00:00,00:00:00,,Default,
5337,30052,2,00:20:00,00:20:00,00:00:45,00:00:45,,Default,
5346,30052,2,00:20:00,00:20:00,00:00:45,00:00:45,,Default,
5356,30052,2,00:45:00,00:45:00,00:00:00,00:00:00,,Default,
5374,30052,2,00:45:00,00:45:00,00:00:00,00:00:00,,Default,
5420,30052,2,00:45:00,00:45:00,00:00:00,00:00:00,,Default,
5424,30052,2,00:45:00,00:45:00,00:00:00,00:00:00,,Default,
5444,30052,2,00:20:00,00:20:00,00:01:30,00:01:30,,Default,
5470,30052,2,00:45:00,00:45:00,00:00:00,00:00:00,,Default,
5510,30052,2,00:45:00,00:45:00,00:00:00,00:00:00,,Default,
5511,30052,1,00:45:00,00:45:00,00:00:00,00:00:00,,Default,
5514,30052,2,00:45:00,00:45:00,00:00:00,00:00:00,,Default,
5530,30052,2,00:45:00,00:45:00,00:00:00,00:00:00,,Default,
5537,30052,2,00:20:00,00:20:00,00:00:30,00:00:30,,Default,
5560,30052,2,00:45:00,00:45:00,00:00:00,00:00:00,,Default,
5601,30052,2,00:20:00,00:20:00,00:00:45,00:00:45,,Default,
5608,30052,2,00:45:00,00:45:00,00:00:00,00:00:00,,Default,
5645,30052,2,00:45:00,00:45:00,00:00:00,00:00:00,,Default,
5649,30052,1,00:45:00,00:45:00,00:00:00,00:00:00,,Default,
5651,30052,2,00:20:00,00:20:00,00:00:30,00:00:30,,Default,
5686,30052,2,00:45:00,00:45:00,00:00:00,00:00:00,,Default,
5687,30052,2,00:45:00,00:45:00,00:00:00,00:00:00,,Default,
5708,30052,2,00:45:00,00:45:00,00:00:00,00:00:00,,Default,
5710,30052,1,00:45:00,00:45:00,00:00:00,00:00:00,,Default,
5729,30052,2,00:45:00,00:45:00,00:00:00,00:00:00,,Default,
5735,30052,2,00:45:00,00:45:00,00:00:00,00:00:00,,Default,
5857,30052,1,00:20:00,00:20:00,00:00:45,00:00:45,,Default,
5863,30052,2,00:45:00,00:45:00,00:00:00,00:00:00,,Default,
5882,30052,1,00:45:00,00:45:00,00:00:00,00:00:00,,Default,
5904,30052,2,00:45:00,00:45:00,00:00:00,00:00:00,,Default,
5942,30052,2,00:45:00,00:45:00,00:00:00,00:00:00,,Default,
5998,30052,2,00:20:00,00:20:00,00:00:45,00:00:45,,Default,
5999,30052,2,00:20:00,00:20:00,00:00:45,00:00:45,,Default,
6071,30052,2,00:45:00,00:45:00,00:00:00,00:00:00,,Default,
6093,30052,2,00:45:00,00:45:00,00:00:00,00:00:00,,Default,
6094,30052,2,00:45:00,00:45:00,00:00:00,00:00:00,,Default,
6104,30052,1,00:45:00,00:45:00,00:00:00,00:00:00,,Default,
6133,30052,1,00:20:00,00:20:00,00:01:00,00:01:00,,Default,
6147,30052,2,00:45:00,00:45:00,00:00:00,00:00:00,,Default,
6166,30052,2,00:45:00,00:45:00,00:00:00,00:00:00,,Default,
6196,30052,2,00:20:00,00:20:00,00:01:00,00:01:00,,Default,
6220,30052,2,00:45:00,00:45:00,00:00:00,00:00:00,,Default,
6224,30052,2,00:45:00,00:45:00,00:00:00,00:00:00,,Default,
6239,30052,2,00:45:00,00:45:00,00:00:00,00:00:00,,Default,
6260,30052,2,00:45:00,00:45:00,00:00:00,00:00:00,,Default,
6290,30052,2,00:45:00,00:45:00,00:00:00,00:00:00,,Default,
6335,30052,2,00:45:00,00:45:00,00:00:00,00:00:00,,Default,
6372,30052,2,00:45:00,00:45:00,00:00:00,00:00:00,,Default,
6386,30052,1,00:20:00,00:20:00,00:02:30,00:02:30,,Default,
6424,30052,2,00:45:00,00:45:00,00:00:00,00:00:00,,Default,
6495,30052,1,00:45:00,00:45:00,00:00:00,00:00:00,,Default,
6496,30052,2,00:45:00,00:45:00,00:00:00,00:00:00,,Default,
6500,30052,1,00:45:00,00:45:00,00:00:00,00:00:00,,Default,
6511,30052,1,00:45:00,00:45:00,00:00:00,00:00:00,,Default,
6523,30052,2,00:45:00,00:45:00,00:00:00,00:00:00,,Default,
6531,30052,2,00:20:00,00:20:00,00:01:00,00:01:00,,Default,
6575,30052,2,00:45:00,00:45:00,00:00:00,00:00:00,,Default,
6630,30052,2,00:20:00,00:20:00,00:01:00,00:01:00,,Default,
6637,30052,2,00:45:00,00:45:00,00:00:00,00:00:00,,Default,
6650,30052,2,00:45:00,00:45:00,00:00:00,00:00:00,,Default,
6664,30052,2,00:45:00,00:45:00,00:00:00,00:00:00,,Default,
6675,30052,1,00:45:00,00:45:00,00:00:00,00:00:00,,Default,
6690,30052,1,00:45:00,00:45:00,00:00:00,00:00:00,,Default,
6698,30052,1,00:45:00,00:45:00,00:00:00,00:00:00,,Default,
6706,30052,2,00:45:00,00:45:00,00:00:00,00:00:00,,Default,
6725,30052,2,00:45:00,00:45:00,00:00:00,00:00:00,,Default,
6763,30052,2,00:45:00,00:45:00,00:00:00,00:00:00,,Default,
6765,30052,2,00:45:00,00:45:00,00:00:00,00:00:00,,Default,
6774,30052,2,00:20:00,00:20:00,00:00:45,00:00:45,,Default,
6784,30052,2,00:20:00,00:20:00,00:00:45,00:00:45,,Default,
6785,30052,2,00:20:00,00:20:00,00:00:30,00:00:30,,Default,
6790,30052,2,00:45:00,00:45:00,00:00:00,00:00:00,,Default,
6802,30052,1,00:45:00,00:45:00,00:00:00,00:00:00,,Default,
6827,30052,1,00:45:00,00:45:00,00:00:00,00:00:00,,Default,
6835,30052,2,00:45:00,00:45:00,00:00:00,00:00:00,,Default,
6843,30052,1,00:45:00,00:45:00,00:00:00,00:00:00,,Default,
6885,30052,2,00:45:00,00:45:00,00:00:00,00:00:00,,Default,
6981,30052,2,00:45:00,00:45:00,00:00:00,00:00:00,,Default,
6999,30052,2,00:45:00,00:45:00,00:00:00,00:00:00,,Default,
57817,30052,2,01:00:00,01:00:00,00:00:00,00:00:00,,Default,
57844,30052,2,01:00:00,01:00:00,00:00:00,00:00:00,,Default,
57880,30052,2,01:00:00,01:00:00,00:00:00,00:00:00,,Default,
57881,30052,2,01:00:00,01:00:00,00:00:00,00:00:00,,Default,
57890,30052,2,01:00:00,01:00:00,00:00:00,00:00:00,,Default,
57906,30052,2,01:00:00,01:00:00,00:00:00,00:00:00,,Default,
57912,30052,2,01:00:00,01:00:00,00:00:00,00:00:00,,Default,
57917,30052,2,01:00:00,01:00:00,00:00:00,00:00:00,,Default,
57952,30052,2,01:00:00,01:00:00,00:00:00,00:00:00,,Default,
57986,30052,2,01:00:00,01:00:00,00:00:00,00:00:00,,Default,
57989,30052,2,01:00:00,01:00:00,00:00:00,00:00:00,,Default,
57991,30052,2,01:00:00,01:00:00,00:00:00,00:00:00,,Default,
57992,30052,2,01:00:00,01:00:00,00:00:00,00:00:00,,Default,
57994,30052,2,01:00:00,01:00:00,00:00:00,00:00:00,,Default,
1929902,30052,0,00:45:00,00:45:00,00:00:00,00:00:00,,Default,
1931601,30052,0,00:45:00,00:45:00,00:00:00,00:00:00,,Default,
30052,30052,0,00:45:00,00:45:00,00:00:00,00:00:00,,Default,
30054,30052,0,00:20:00,00:20:00,00:00:00,00:00:00,,Default,
7892100,30052,0,00:20:00,00:20:00,00:00:15,00:00:15,,Default,
38507,30052,0,00:30:00,00:30:00,00:00:00,00:00:00,,Default,
37198,30052,0,00:45:00,00:45:00,00:00:00,00:00:00,,Default,
999,30052,0,00:45:00,00:45:00,00:00:00,00:00:00,,Default,
6029,68807,0,00:20:00,00:20:00,00:01:30,00:01:30,,Default,
2058,37198,2,00:00:00,00:00:00,00:00:00,00:00:00,,Default,
2065,37198,2,00:20:00,00:20:00,00:01:00,00:01:00,,Default,
2072,37198,2,00:20:00,00:20:00,00:01:30,00:01:30,,Default,
2073,37198,2,00:20:00,00:20:00,00:01:00,00:01:00,,Default,
2078,37198,2,00:20:00,00:20:00,00:01:30,00:01:30,,Default,
2082,37198,2,00:20:00,00:20:00,00:00:45,00:00:45,,Default,
2092,37198,2,00:20:00,00:20:00,00:01:30,00:01:30,,Default,
2097,37198,2,00:00:00,00:00:00,00:00:00,00:00:00,,Default,
2101,37198,2,00:20:00,00:20:00,00:01:00,00:01:00,,Default,
2134,37198,2,00:20:00,00:20:00,00:00:45,00:00:45,,Default,
2152,37198,2,00:20:00,00:20:00,00:01:30,00:01:30,,Default,
2161,37198,2,00:00:00,00:00:00,00:00:00,00:00:00,,Default,
2166,37198,2,00:20:00,00:20:00,00:02:15,00:02:15,,Default,
2169,37198,2,00:20:00,00:20:00,00:01:30,00:01:30,,Default,
2172,37198,2,00:20:00,00:20:00,00:01:30,00:01:30,,Default,
2174,37198,2,00:20:00,00:20:00,00:01:45,00:01:45,,Default,
2176,37198,2,00:00:00,00:00:00,00:00:00,00:00:00,,Default,
2179,37198,2,00:20:00,00:20:00,00:01:30,00:01:30,,Default,
2190,37198,2,00:00:00,00:00:00,00:00:00,00:00:00,,Default,
2218,37198,2,00:20:00,00:20:00,00:01:45,00:01:45,,Default,
2239,37198,2,00:00:00,00:00:00,00:00:00,00:00:00,,Default,
2249,37198,2,00:00:00,00:00:00,00:00:00,00:00:00,,Default,
2265,37198,2,00:00:00,00:00:00,00:00:00,00:00:00,,Default,
2271,37198,2,00:00:00,00:00:00,00:01:30,00:01:30,,Default,
2297,37198,2,00:20:00,00:20:00,00:01:30,00:01:30,,Default,
2299,37198,2,00:00:00,00:00:00,00:00:00,00:00:00,,Default,
2310,37198,2,00:20:00,00:20:00,00:01:45,00:01:45,,Default,
2326,37198,2,00:20:00,00:20:00,00:00:45,00:00:45,,Default,
2327,37198,2,00:20:00,00:20:00,00:01:00,00:01:00,,Default,
2329,37198,2,00:20:00,00:20:00,00:00:45,00:00:45,,Default,
2330,37198,2,00:20:00,00:20:00,00:01:30,00:01:30,,Default,
2357,37198,2,00:00:00,00:00:00,00:00:00,00:00:00,,Default,
2373,37198,2,00:00:00,00:00:00,00:00:00,00:00:00,,Default,
2377,37198,2,00:20:00,00:20:00,00:02:15,00:02:15,,Default,
2391,37198,2,00:00:00,00:00:00,00:00:00,00:00:00,,Default,
2393,37198,2,00:20:00,00:20:00,00:00:30,00:00:30,,Default,
2394,37198,2,00:20:00,00:20:00,00:01:00,00:01:00,,Default,
2436,37198,2,00:20:00,00:20:00,00:01:30,00:01:30,,Default,
2469,37198,2,00:20:00,00:20:00,00:01:30,00:01:30,,Default,
2470,37198,2,00:20:00,00:20:00,00:01:30,00:01:30,,Default,
2502,37198,2,00:00:00,00:00:00,00:00:00,00:00:00,,Default,
2506,37198,2,00:00:00,00:00:00,00:00:00,00:00:00,,Default,
2527,37198,2,00:00:00,00:00:00,00:00:00,00:00:00,,Default,
2554,37198,2,00:00:00,00:00:00,00:00:00,00:00:00,,Default,
2568,37198,2,00:00:00,00:00:00,00:00:00,00:00:00,,Default,
2569,37198,2,00:20:00,00:20:00,00:01:30,00:01:30,,Default,
2574,37198,2,00:20:00,00:20:00,00:04:30,00:04:30,,Default,
2600,37198,2,00:00:00,00:00:00,00:00:00,00:00:00,,Default,
2603,37198,2,00:00:00,00:00:00,00:00:00,00:00:00,,Default,
2618,37198,2,00:00:00,00:00:00,00:00:00,00:00:00,,Default,
2619,37198,2,00:00:00,00:00:00,00:00:00,00:00:00,,Default,
2621,37198,2,00:00:00,00:00:00,00:00:00,00:00:00,,Default,
2634,37198,2,00:20:00,00:20:00,00:01:30,00:01:30,,Default,
2639,37198,2,00:20:00,00:20:00,00:01:30,00:01:30,,Default,
2665,37198,2,00:00:00,00:00:00,00:00:00,00:00:00,,Default,
2671,37198,2,00:20:00,00:20:00,00:01:30,00:01:30,,Default,
2684,37198,2,00:00:00,00:00:00,00:00:00,00:00:00,,Default,
2685,37198,2,00:20:00,00:20:00,00:01:30,00:01:30,,Default,
2697,37198,2,00:20:00,00:20:00,00:04:30,00:04:30,,Default,
2709,37198,2,00:00:00,00:00:00,00:00:45,00:00:45,,Default,
2720,37198,2,00:00:00,00:00:00,00:00:00,00:00:00,,Default,
2722,37198,2,00:00:00,00:00:00,00:00:00,00:00:00,,Default,
2726,37198,2,00:00:00,00:00:00,00:01:30,00:01:30,,Default,
2730,37198,2,00:00:00,00:00:00,00:00:00,00:00:00,,Default,
2745,37198,2,00:00:00,00:00:00,00:00:00,00:00:00,,Default,
2747,37198,2,00:00:00,00:00:00,00:00:00,00:00:00,,Default,
2748,37198,2,00:20:00,00:20:00,00:01:15,00:01:15,,Default,
2751,37198,2,00:20:00,00:20:00,00:01:30,00:01:30,,Default,
2757,37198,2,00:20:00,00:20:00,00:04:45,00:04:45,,Default,
2775,37198,2,00:00:00,00:00:00,00:00:00,00:00:00,,Default,
2777,37198,2,00:20:00,00:20:00,00:04:30,00:04:30,,Default,
2789,37198,2,00:00:00,00:00:00,00:00:00,00:00:00,,Default,
2805,37198,2,00:00:00,00:00:00,00:00:00,00:00:00,,Default,
2806,37198,2,00:20:00,00:20:00,00:00:30,00:00:30,,Default,
2807,37198,2,00:00:00,00:00:00,00:00:00,00:00:00,,Default,
2826,37198,2,00:00:00,00:00:00,00:00:00,00:00:00,,Default,
2832,37198,2,00:20:00,00:20:00,00:01:30,00:01:30,,Default,
2848,37198,2,00:20:00,00:20:00,00:02:45,00:02:45,,Default,
2877,37198,2,00:20:00,00:20:00,00:02:15,00:02:15,,Default,
2882,37198,2,00:20:00,00:20:00,00:01:45,00:01:45,,Default,
2889,37198,2,00:20:00,00:20:00,00:04:30,00:04:30,,Default,
2948,37198,2,00:20:00,00:20:00,00:03:30,00:03:30,,Default,
2955,37198,2,00:20:00,00:20:00,00:02:15,00:02:15,,Default,
2962,37198,2,00:20:00,00:20:00,00:01:45,00:01:45,,Default,
2986,37198,2,00:00:00,00:00:00,00:00:00,00:00:00,,Default,
2988,37198,2,00:00:00,00:00:00,00:00:00,00:00:00,,Default,
2998,37198,2,00:00:00,00:00:00,00:00:00,00:00:00,,Default,
3060,37198,2,00:00:00,00:00:00,00:00:00,00:00:00,,Default,
3069,37198,2,00:00:00,00:00:00,00:00:00,00:00:00,,Default,
3082,37198,2,00:00:00,00:00:00,00:00:00,00:00:00,,Default,
3086,37198,2,00:20:00,00:20:00,00:01:00,00:01:00,,Default,
3093,37198,2,00:00:00,00:00:00,00:00:00,00:00:00,,Default,
3105,37198,2,00:00:00,00:00:00,00:00:00,00:00:00,,Default,
3107,37198,2,00:20:00,00:20:00,00:01:00,00:01:00,,Default,
3120,37198,2,00:20:00,00:20:00,00:01:30,00:01:30,,Default,
3130,37198,2,00:20:00,00:20:00,00:01:45,00:01:45,,Default,
3131,37198,2,00:00:00,00:00:00,00:00:00,00:00:00,,Default,
3156,37198,2,00:00:00,00:00:00,00:00:00,00:00:00,,Default,
3177,37198,2,00:20:00,00:20:00,00:01:30,00:01:30,,Default,
3215,37198,2,00:00:00,00:00:00,00:00:00,00:00:00,,Default,
3222,37198,2,00:20:00,00:20:00,00:02:15,00:02:15,,Default,
3234,37198,2,00:20:00,00:20:00,00:01:30,00:01:30,,Default,
3236,37198,2,00:00:00,00:00:00,00:00:00,00:00:00,,Default,
3240,37198,2,00:20:00,00:20:00,00:02:15,00:02:15,,Default,
3245,37198,2,00:20:00,00:20:00,00:01:45,00:01:45,,Default,
3252,37198,2,00:00:00,00:00:00,00:00:00,00:00:00,,Default,
3256,37198,2,00:00:00,00:00:00,00:00:00,00:00:00,,Default,
3264,37198,2,00:00:00,00:00:00,00:00:00,00:00:00,,Default,
3273,37198,2,00:00:00,00:00:00,00:00:00,00:00:00,,Default,
3291,37198,2,00:20:00,00:20:00,00:01:00,00:01:00,,Default,
3301,37198,2,00:20:00,00:20:00,00:01:45,00:01:45,,Default,
3305,37198,2,00:00:00,00:00:00,00:00:00,00:00:00,,Default,
3317,37198,2,00:00:00,00:00:00,00:00:00,00:00:00,,Default,
3320,37198,2,00:00:00,00:00:00,00:00:00,00:00:00,,Default,
3322,37198,2,00:00:00,00:00:00,00:00:00,00:00:00,,Default,
3329,37198,2,00:00:00,00:00:00,00:00:00,00:00:00,,Default,
3331,37198,2,00:00:00,00:00:00,00:00:00,00:00:00,,Default,
3332,37198,2,00:00:00,00:00:00,00:00:00,00:00:00,,Default,
3349,37198,2,00:00:00,00:00:00,00:00:00,00:00:00,,Default,
3352,37198,2,00:00:00,00:00:00,00:00:00,00:00:00,,Default,
3356,37198,2,00:20:00,00:20:00,00:01:45,00:01:45,,Default,
3359,37198,2,00:00:00,00:00:00,00:00:00,00:00:00,,Default,
3361,37198,2,00:00:00,00:00:00,00:00:45,00:00:45,,Default,
3366,37198,2,00:00:00,00:00:00,00:00:00,00:00:00,,Default,
3373,37198,2,00:20:00,00:20:00,00:01:00,00:01:00,,Default,
3417,37198,2,00:20:00,00:20:00,00:01:30,00:01:30,,Default,
3422,37198,2,00:20:00,00:20:00,00:01:30,00:01:30,,Default,
3448,37198,2,00:00:00,00:00:00,00:00:00,00:00:00,,Default,
3474,37198,2,00:00:00,00:00:00,00:00:00,00:00:00,,Default,
3482,37198,2,00:00:00,00:00:00,00:00:00,00:00:00,,Default,
3483,37198,2,00:00:00,00:00:00,00:00:00,00:00:00,,Default,
3490,37198,2,00:20:00,00:20:00,00:01:30,00:01:30,,Default,
4337,37198,2,00:00:00,00:00:00,00:00:00,00:00:00,,Default,
4351,37198,2,00:00:00,00:00:00,00:00:00,00:00:00,,Default,
4359,37198,2,00:20:00,00:20:00,00:04:45,00:04:45,,Default,
4371,37198,2,00:00:00,00:00:00,00:00:00,00:00:00,,Default,
4381,37198,2,00:00:00,00:00:00,00:00:00,00:00:00,,Default,
4389,37198,2,00:00:00,00:00:00,00:00:00,00:00:00,,Default,
4394,37198,2,00:20:00,00:20:00,00:00:30,00:00:30,,Default,
4396,37198,2,00:00:00,00:00:00,00:00:00,00:00:00,,Default,
4400,37198,2,00:00:00,00:00:00,00:00:00,00:00:00,,Default,
4436,37198,2,00:00:00,00:00:00,00:00:00,00:00:00,,Default,
4474,37198,2,00:00:00,00:00:00,00:00:00,00:00:00,,Default,
4483,37198,2,00:20:00,00:20:00,00:04:30,00:04:30,,Default,
4521,37198,2,00:00:00,00:00:00,00:00:00,00:00:00,,Default,
4634,37198,2,00:20:00,00:20:00,00:00:30,00:00:30,,Default,
4815,37198,2,00:20:00,00:20:00,00:00:45,00:00:45,,Default,
4822,37198,2,00:20:00,00:20:00,00:00:45,00:00:45,,Default,
4827,37198,2,00:20:00,00:20:00,00:00:45,00:00:45,,Default,
4828,37198,2,00:20:00,00:20:00,00:00:45,00:00:45,,Default,
4830,37198,2,00:20:00,00:20:00,00:00:45,00:00:45,,Default,
4832,37198,2,00:20:00,00:20:00,00:00:45,00:00:45,,Default,
4835,37198,2,00:20:00,00:20:00,00:00:45,00:00:45,,Default,
4849,37198,2,00:20:00,00:20:00,00:00:45,00:00:45,,Default,
4851,37198,2,00:20:00,00:20:00,00:00:45,00:00:45,,Default,
4901,37198,2,00:20:00,00:20:00,00:00:30,00:00:30,,Default,
4911,37198,2,00:20:00,00:20:00,00:00:30,00:00:30,,Default,
4916,37198,2,00:20:00,00:20:00,00:01:00,00:01:00,,Default,
4923,37198,2,00:20:00,00:20:00,00:00:30,00:00:30,,Default,
5004,37198,2,00:00:00,00:00:00,00:00:00,00:00:00,,Default,
5013,37198,2,00:00:00,00:00:00,00:00:00,00:00:00,,Default,
5084,37198,2,00:00:00,00:00:00,00:00:00,00:00:00,,Default,
5086,37198,2,00:00:00,00:00:00,00:00:00,00:00:00,,Default,
5116,37198,2,00:00:00,00:00:00,00:00:45,00:00:45,,Default,
5120,37198,2,00:20:00,00:20:00,00:00:45,00:00:45,,Default,
5123,37198,2,00:20:00,00:20:00,00:01:30,00:01:30,,Default,
5125,37198,2,00:20:00,00:20:00,00:01:15,00:01:15,,Default,
5130,37198,2,00:20:00,00:20:00,00:01:15,00:01:15,,Default,
5140,37198,2,00:00:00,00:00:00,00:00:00,00:00:00,,Default,
5152,37198,2,00:00:00,00:00:00,00:00:00,00:00:00,,Default,
5157,37198,2,00:00:00,00:00:00,00:00:00,00:00:00,,Default,
5158,37198,2,00:00:00,00:00:00,00:00:00,00:00:00,,Default,
5177,37198,2,00:00:00,00:00:00,00:00:00,00:00:00,,Default,
5178,37198,2,00:00:00,00:00:00,00:00:00,00:00:00,,Default,
5196,37198,2,00:00:00,00:00:00,00:00:00,00:00:00,,Default,
5199,37198,2,00:20:00,00:20:00,00:02:00,00:02:00,,Default,
5210,37198,2,00:20:00,00:20:00,00:01:30,00:01:30,,Default,
5215,37198,2,00:00:00,00:00:00,00:00:00,00:00:00,,Default,
5222,37198,2,00:00:00,00:00:00,00:00:00,00:00:00,,Default,
5241,37198,2,00:00:00,00:00:00,00:00:00,00:00:00,,Default,
5260,37198,2,00:00:00,00:00:00,00:01:00,00:01:00,,Default,
5275,37198,2,00:00:00,00:00:00,00:00:00,00:00:00,,Default,
5282,37198,2,00:00:00,00:00:00,00:00:00,00:00:00,,Default,
5284,37198,2,00:00:00,00:00:00,00:00:00,00:00:00,,Default,
5295,37198,2,00:20:00,00:20:00,00:01:45,00:01:45,,Default,
5327,37198,2,00:20:00,00:20:00,00:00:45,00:00:45,,Default,
5343,37198,2,00:00:00,00:00:00,00:00:00,00:00:00,,Default,
5372,37198,2,00:20:00,00:20:00,00:02:15,00:02:15,,Default,
5376,37198,2,00:00:00,00:00:00,00:00:00,00:00:00,,Default,
5377,37198,2,00:00:00,00:00:00,00:00:00,00:00:00,,Default,
5380,37198,2,00:00:00,00:00:00,00:00:00,00:00:00,,Default,
5383,37198,2,00:00:00,00:00:00,00:00:00,00:00:00,,Default,
5404,37198,2,00:00:00,00:00:00,00:00:00,00:00:00,,Default,
5408,37198,2,00:00:00,00:00:00,00:00:00,00:00:00,,Default,
5418,37198,2,00:00:00,00:00:00,00:00:00,00:00:00,,Default,
5430,37198,2,00:00:00,00:00:00,00:00:00,00:00:00,,Default,
5432,37198,2,00:00:00,00:00:00,00:00:00,00:00:00,,Default,
5453,37198,2,00:00:00,00:00:00,00:00:00,00:00:00,,Default,
5460,37198,2,00:00:00,00:00:00,00:00:00,00:00:00,,Default,
5465,37198,2,00:00:00,00:00:00,00:00:00,00:00:00,,Default,
5469,37198,2,00:00:00,00:00:00,00:00:00,00:00:00,,Default,
5481,37198,2,00:00:00,00:00:00,00:00:00,00:00:00,,Default,
5486,37198,2,00:00:00,00:00:00,00:00:00,00:00:00,,Default,
5487,37198,2,00:20:00,00:20:00,00:01:15,00:01:15,,Default,
5501,37198,2,00:00:00,00:00:00,00:00:00,00:00:00,,Default,
5508,37198,2,00:00:00,00:00:00,00:00:00,00:00:00,,Default,
5509,37198,2,00:00:00,00:00:00,00:00:00,00:00:00,,Default,
5513,37198,2,00:00:00,00:00:00,00:00:00,00:00:00,,Default,
5518,37198,2,00:00:00,00:00:00,00:00:00,00:00:00,,Default,
5531,37198,2,00:00:00,00:00:00,00:00:00,00:00:00,,Default,
5539,37198,2,00:00:00,00:00:00,00:00:00,00:00:00,,Default,
5581,37198,2,00:00:00,00:00:00,00:00:00,00:00:00,,Default,
5599,37198,2,00:00:00,00:00:00,00:00:00,00:00:00,,Default,
5600,37198,2,00:00:00,00:00:00,00:00:00,00:00:00,,Default,
5603,37198,2,00:00:00,00:00:00,00:00:00,00:00:00,,Default,
5611,37198,2,00:00:00,00:00:00,00:00:00,00:00:00,,Default,
5644,37198,2,00:00:00,00:00:00,00:00:00,00:00:00,,Default,
5685,37198,2,00:00:00,00:00:00,00:00:00,00:00:00,,Default,
5688,37198,2,00:00:00,00:00:00,00:00:00,00:00:00,,Default,
5692,37198,2,00:00:00,00:00:00,00:00:00,00:00:00,,Default,
5714,37198,2,00:00:00,00:00:00,00:00:00,00:00:00,,Default,
5727,37198,2,00:00:00,00:00:00,00:00:00,00:00:00,,Default,
5736,37198,2,00:00:00,00:00:00,00:00:00,00:00:00,,Default,
5777,37198,2,00:00:00,00:00:00,00:00:00,00:00:00,,Default,
5784,37198,2,00:00:00,00:00:00,00:00:00,00:00:00,,Default,
5841,37198,2,00:00:00,00:00:00,00:00:00,00:00:00,,Default,
5842,37198,2,00:00:00,00:00:00,00:00:00,00:00:00,,Default,
5870,37198,2,00:00:00,00:00:00,00:00:00,00:00:00,,Default,
5878,37198,2,00:00:00,00:00:00,00:00:00,00:00:00,,Default,
5906,37198,2,00:00:00,00:00:00,00:00:00,00:00:00,,Default,
5907,37198,2,00:00:00,00:00:00,00:00:00,00:00:00,,Default,
5909,37198,2,00:00:00,00:00:00,00:00:00,00:00:00,,Default,
5911,37198,2,00:00:00,00:00:00,00:00:00,00:00:00,,Default,
5912,37198,2,00:00:00,00:00:00,00:00:00,00:00:00,,Default,
5915,37198,2,00:00:00,00:00:00,00:00:00,00:00:00,,Default,
5923,37198,2,00:00:00,00:00:00,00:00:00,00:00:00,,Default,
5926,37198,2,00:00:00,00:00:00,00:00:00,00:00:00,,Default,
5928,37198,2,00:00:00,00:00:00,00:00:00,00:00:00,,Default,
5932,37198,2,00:00:00,00:00:00,00:00:00,00:00:00,,Default,
5933,37198,2,00:00:00,00:00:00,00:00:00,00:00:00,,Default,
5939,37198,2,00:20:00,00:20:00,00:03:00,00:03:00,,Default,
5945,37198,2,00:00:00,00:00:00,00:00:00,00:00:00,,Default,
5946,37198,2,00:00:00,00:00:00,00:00:00,00:00:00,,Default,
5949,37198,2,00:00:00,00:00:00,00:00:00,00:00:00,,Default,
5953,37198,2,00:20:00,00:20:00,00:00:30,00:00:30,,Default,
5956,37198,2,00:00:00,00:00:00,00:00:00,00:00:00,,Default,
5958,37198,2,00:00:00,00:00:00,00:00:00,00:00:00,,Default,
5983,37198,2,00:00:00,00:00:00,00:00:00,00:00:00,,Default,
5989,37198,2,00:00:00,00:00:00,00:00:00,00:00:00,,Default,
6005,37198,2,00:00:00,00:00:00,00:00:00,00:00:00,,Default,
6018,37198,2,00:00:00,00:00:00,00:00:00,00:00:00,,Default,
6026,37198,2,00:00:00,00:00:00,00:00:00,00:00:00,,Default,
6031,37198,2,00:00:00,00:00:00,00:00:00,00:00:00,,Default,
6033,37198,2,00:00:00,00:00:00,00:00:00,00:00:00,,Default,
6038,37198,2,00:00:00,00:00:00,00:00:00,00:00:00,,Default,
6039,37198,2,00:00:00,00:00:00,00:00:00,00:00:00,,Default,
6041,37198,2,00:00:00,00:00:00,00:00:00,00:00:00,,Default,
6042,37198,2,00:00:00,00:00:00,00:00:00,00:00:00,,Default,
6044,37198,2,00:00:00,00:00:00,00:00:00,00:00:00,,Default,
6057,37198,2,00:00:00,00:00:00,00:00:00,00:00:00,,Default,
6063,37198,2,00:00:00,00:00:00,00:00:00,00:00:00,,Default,
6069,37198,2,00:00:00,00:00:00,00:00:00,00:00:00,,Default,
6075,37198,2,00:00:00,00:00:00,00:00:00,00:00:00,,Default,
6077,37198,2,00:00:00,00:00:00,00:00:00,00:00:00,,Default,
6079,37198,2,00:00:00,00:00:00,00:00:00,00:00:00,,Default,
6101,37198,2,00:00:00,00:00:00,00:00:00,00:00:00,,Default,
6105,37198,2,00:00:00,00:00:00,00:00:00,00:00:00,,Default,
6126,37198,2,00:00:00,00:00:00,00:00:00,00:00:00,,Default,
6150,37198,2,00:00:00,00:00:00,00:00:00,00:00:00,,Default,
6162,37198,2,00:00:00,00:00:00,00:00:00,00:00:00,,Default,
6172,37198,2,00:00:00,00:00:00,00:00:00,00:00:00,,Default,
6179,37198,2,00:00:00,00:00:00,00:00:00,00:00:00,,Default,
6200,37198,2,00:00:00,00:00:00,00:00:00,00:00:00,,Default,
6206,37198,2,00:00:00,00:00:00,00:00:00,00:00:00,,Default,
6212,37198,2,00:00:00,00:00:00,00:00:00,00:00:00,,Default,
6217,37198,2,00:00:00,00:00:00,00:00:00,00:00:00,,Default,
6230,37198,2,00:00:00,00:00:00,00:00:00,00:00:00,,Default,
6231,37198,2,00:00:00,00:00:00,00:00:00,00:00:00,,Default,
6234,37198,2,00:00:00,00:00:00,00:00:00,00:00:00,,Default,
6235,37198,2,00:00:00,00:00:00,00:00:00,00:00:00,,Default,
6244,37198,2,00:00:00,00:00:00,00:00:00,00:00:00,,Default,
6248,37198,2,00:00:00,00:00:00,00:00:00,00:00:00,,Default,
6278,37198,2,00:00:00,00:00:00,00:00:00,00:00:00,,Default,
6289,37198,2,00:00:00,00:00:00,00:00:00,00:00:00,,Default,
6291,37198,2,00:00:00,00:00:00,00:00:00,00:00:00,,Default,
6318,37198,2,00:00:00,00:00:00,00:00:00,00:00:00,,Default,
6319,37198,2,00:00:00,00:00:00,00:00:00,00:00:00,,Default,
6339,37198,2,00:00:00,00:00:00,00:00:00,00:00:00,,Default,
6346,37198,2,00:00:00,00:00:00,00:00:00,00:00:00,,Default,
6349,37198,2,00:00:00,00:00:00,00:00:00,00:00:00,,Default,
6363,37198,2,00:00:00,00:00:00,00:00:00,00:00:00,,Default,
6364,37198,2,00:00:00,00:00:00,00:00:00,00:00:00,,Default,
6365,37198,2,00:00:00,00:00:00,00:00:00,00:00:00,,Default,
6371,37198,2,00:00:00,00:00:00,00:00:00,00:00:00,,Default,
6390,37198,2,00:00:00,00:00:00,00:00:00,00:00:00,,Default,
6408,37198,2,00:00:00,00:00:00,00:00:00,00:00:00,,Default,
6413,37198,2,00:00:00,00:00:00,00:00:00,00:00:00,,Default,
6422,37198,2,00:00:00,00:00:00,00:00:00,00:00:00,,Default,
6431,37198,2,00:00:00,00:00:00,00:00:00,00:00:00,,Default,
6434,37198,2,00:00:00,00:00:00,00:00:00,00:00:00,,Default,
6440,37198,2,00:20:00,00:20:00,00:04:30,00:04:30,,Default,
6483,37198,2,00:00:00,00:00:00,00:00:00,00:00:00,,Default,
6499,37198,2,00:00:00,00:00:00,00:00:00,00:00:00,,Default,
6545,37198,2,00:00:00,00:00:00,00:00:00,00:00:00,,Default,
6554,37198,2,00:20:00,00:20:00,00:02:45,00:02:45,,Default,
6555,37198,2,00:00:00,00:00:00,00:00:00,00:00:00,,Default,
6560,37198,2,00:00:00,00:00:00,00:00:00,00:00:00,,Default,
6567,37198,2,00:20:00,00:20:00,00:04:15,00:04:15,,Default,
6568,37198,2,00:00:00,00:00:00,00:00:00,00:00:00,,Default,
6585,37198,2,00:00:00,00:00:00,00:00:00,00:00:00,,Default,
6593,37198,2,00:00:00,00:00:00,00:00:00,00:00:00,,Default,
6600,37198,2,00:00:00,00:00:00,00:00:00,00:00:00,,Default,
6601,37198,2,00:00:00,00:00:00,00:00:00,00:00:00,,Default,
6608,37198,2,00:20:00,00:20:00,00:01:30,00:01:30,,Default,
6611,37198,2,00:00:00,00:00:00,00:00:00,00:00:00,,Default,
6626,37198,2,00:20:00,00:20:00,00:04:30,00:04:30,,Default,
6629,37198,2,00:00:00,00:00:00,00:00:00,00:00:00,,Default,
6634,37198,2,00:20:00,00:20:00,00:01:00,00:01:00,,Default,
6639,37198,2,00:00:00,00:00:00,00:00:00,00:00:00,,Default,
6640,37198,2,00:00:00,00:00:00,00:00:00,00:00:00,,Default,
6663,37198,2,00:00:00,00:00:00,00:00:00,00:00:00,,Default,
6665,37198,2,00:00:00,00:00:00,00:00:00,00:00:00,,Default,
6666,37198,2,00:00:00,00:00:00,00:00:00,00:00:00,,Default,
6668,37198,2,00:00:00,00:00:00,00:00:00,00:00:00,,Default,
6699,37198,2,00:00:00,00:00:00,00:00:00,00:00:00,,Default,
6724,37198,2,00:00:00,00:00:00,00:00:00,00:00:00,,Default,
6740,37198,2,00:00:00,00:00:00,00:00:00,00:00:00,,Default,
6773,37198,2,00:00:00,00:00:00,00:00:00,00:00:00,,Default,
6776,37198,2,00:00:00,00:00:00,00:00:00,00:00:00,,Default,
6779,37198,2,00:00:00,00:00:00,00:00:00,00:00:00,,Default,
6787,37198,2,00:00:00,00:00:00,00:00:00,00:00:00,,Default,
6791,37198,2,00:00:00,00:00:00,00:00:00,00:00:00,,Default,
6793,37198,2,00:00:00,00:00:00,00:00:00,00:00:00,,Default,
6811,37198,2,00:00:00,00:00:00,00:00:00,00:00:00,,Default,
6812,37198,2,00:00:00,00:00:00,00:00:00,00:00:00,,Default,
6814,37198,2,00:20:00,00:20:00,00:00:30,00:00:30,,Default,
6816,37198,2,00:20:00,00:20:00,00:01:30,00:01:30,,Default,
6845,37198,2,00:00:00,00:00:00,00:00:00,00:00:00,,Default,
6851,37198,2,00:00:00,00:00:00,00:00:00,00:00:00,,Default,
6860,37198,2,00:00:00,00:00:00,00:00:00,00:00:00,,Default,
6898,37198,2,00:00:00,00:00:00,00:00:00,00:00:00,,Default,
6976,37198,2,00:20:00,00:20:00,00:01:30,00:01:30,,Default,
6977,37198,2,00:00:00,00:00:00,00:00:00,00:00:00,,Default,
6982,37198,2,00:20:00,00:20:00,00:00:30,00:00:30,,Default,
6997,37198,2,00:20:00,00:20:00,00:04:30,00:04:30,,Default,
57842,37198,2,00:00:00,00:00:00,00:00:00,00:00:00,,Default,
57846,37198,2,00:00:00,00:00:00,00:00:00,00:00:00,,Default,
57903,37198,2,00:00:00,00:00:00,00:00:00,00:00:00,,Default,
57911,37198,2,00:00:00,00:00:00,00:00:00,00:00:00,,Default,
57914,37198,2,00:00:00,00:00:00,00:00:00,00:00:00,,Default,
57920,37198,2,00:00:00,00:00:00,00:00:00,00:00:00,,Default,
57921,37198,2,00:00:00,00:00:00,00:00:00,00:00:00,,Default,
57925,37198,2,00:00:00,00:00:00,00:00:00,00:00:00,,Default,
57941,37198,2,00:00:00,00:00:00,00:00:00,00:00:00,,Default,
57953,37198,2,00:00:00,00:00:00,00:00:00,00:00:00,,Default,
57955,37198,2,00:00:00,00:00:00,00:00:00,00:00:00,,Default,
57960,37198,2,00:00:00,00:00:00,00:00:00,00:00:00,,Default,
57972,37198,2,00:00:00,00:00:00,00:00:00,00:00:00,,Default,
57984,37198,2,00:00:00,00:00:00,00:00:00,00:00:00,,Default,
57993,37198,2,00:00:00,00:00:00,00:00:00,00:00:00,,Default,
57995,37198,2,00:00:00,00:00:00,00:00:00,00:00:00,,Default,
57996,37198,2,00:00:00,00:00:00,00:00:00,00:00:00,,Default,
58001,37198,2,00:00:00,00:00:00,00:00:00,00:00:00,,Default,
58013,37198,2,00:00:00,00:00:00,00:00:00,00:00:00,,Default,
58018,37198,2,00:00:00,00:00:00,00:00:00,00:00:00,,Default,
58020,37198,2,00:00:00,00:00:00,00:00:00,00:00:00,,Default,
58022,37198,2,00:00:00,00:00:00,00:00:00,00:00:00,,Default,
380,37198,2,01:00:00,01:00:00,00:00:00,00:00:00,,Default,
996,37198,2,01:00:00,01:00:00,00:00:00,00:00:00,,Default,
3786,37198,2,01:00:00,01:00:00,00:00:00,00:00:00,,Default,
1431100,37198,2,01:00:00,01:00:00,00:00:00,00:00:00,,Default,
2232300,37198,2,01:00:00,01:00:00,00:00:00,00:00:00,,Default,
5297700,37198,2,01:00:00,01:00:00,00:00:00,00:00:00,,Default,
5644199,37198,2,01:00:00,01:00:00,00:00:00,00:00:00,,Default,
5797002,37198,2,01:00:00,01:00:00,00:00:00,00:00:00,,Default,
6092300,37198,2,01:00:00,01:00:00,00:00:00,00:00:00,,Default,
6109400,37198,2,01:00:00,01:00:00,00:00:00,00:00:00,,Default,
12022020,37198,2,01:00:00,01:00:00,00:00:00,00:00:00,,Default,
13032020,37198,2,01:00:00,01:00:00,00:00:00,00:00:00,,Default,
17052019,37198,2,01:00:00,01:00:00,00:00:00,00:00:00,,Default,
23042020,37198,2,01:00:00,01:00:00,00:00:00,00:00:00,,Default,
